client.c.cuuid.claim_uuid,client.c.c.req_cargo_lcv_l_lcy_cost,client.c.c.req_cargo_lcv_m_lcy_cost,client.c.c.req_cargo_one_loader_lcy_cost,client.c.c.req_cargo_two_loaders_lcy_cost,performer.c.c.req_cargo_lcv_l_lcy_cost,performer.c.c.req_cargo_lcv_m_lcy_cost,performer.c.c.req_cargo_one_loader_lcy_cost,performer.c.c.req_cargo_two_loaders_lcy_cost
0001aa3526514d7eacefffd5643e0301,0.0,210.0,0.0,0.0,0.0,166.0,0.0,0.0
00021a3901d5457688b1e36e7a910d7e,0.0,0.0,0.0,0.0,0.0,0.0,0.0,789.0
00025b33bdd644d4880fcc74fdb060d5,0.0,288.0,0.0,0.0,0.0,218.0,0.0,0.0
0004c5e25d6b4b9f9769661974707063,0.0,0.0,0.0,0.0,0.0,247.0,0.0,0.0
000519de57f44281879ab08de934f3c9,0.0,0.0,0.0,0.0,0.0,0.0,0.0,0.0
000603db79ea4daa945ed4c0e2c22db2,0.0,664.0,0.0,0.0,0.0,527.0,0.0,0.0
000616d2a5824fd7b411c7cbafb0c8aa,0.0,0.0,500.0,0.0,0.0,0.0,380.0,0.0
00066442be1941cea32632b9378d0b36,1296.0,0.0,500.0,0.0,896.0,0.0,380.0,0.0
000686cb4f0b4e9bbc8be0f7f4c32689,0.0,0.0,0.0,0.0,1302.0,0.0,0.0,0.0
000698b90da2411bafc38aea981a4c41,0.0,0.0,0.0,0.0,0.0,0.0,0.0,0.0
0006a2295da24a99957546311b509b51,0.0,0.0,0.0,0.0,0.0,0.0,0.0,0.0
0006f638f72a49eab657742862df0961,0.0,0.0,0.0,0.0,0.0,191.0,0.0,789.0
00071025fcef47439c3c6e4ee575c76e,0.0,0.0,0.0,0.0,0.0,0.0,0.0,0.0
000748c0483c4f4a8e170039df765a4f,0.0,336.0,0.0,0.0,0.0,227.0,0.0,0.0
00076c285edc45cebd57b78e6cd12729,0.0,0.0,500.0,0.0,0.0,0.0,380.0,0.0
0008a4477aba40c8808f5298a003861a,0.0,0.0,0.0,0.0,0.0,0.0,0.0,0.0
0008fd9d1ab54e77a880f95954da5645,0.0,0.0,500.0,0.0,0.0,0.0,380.0,0.0
000a6311c30b4d24aaee8896bb978b00,0.0,0.0,0.0,0.0,0.0,0.0,0.0,0.0
000a6f92fe8a4218a79683b6191ee4d2,0.0,0.0,0.0,0.0,0.0,0.0,0.0,0.0
000aeb53f0ff45928534dffb27bede8b,0.0,0.0,0.0,0.0,0.0,0.0,0.0,0.0
000bc82cd4c2492b95f444baaa01383f,0.0,0.0,0.0,0.0,0.0,0.0,0.0,0.0
000be51b61c84a4d838b23a15b1562dc,0.0,0.0,0.0,0.0,0.0,0.0,380.0,0.0
000d6c8c4812440c99d735c599b6fd57,0.0,0.0,0.0,0.0,0.0,0.0,395.0,0.0
000d9dd410384736b5190f86c53e698d,0.0,673.0,0.0,0.0,0.0,502.0,0.0,0.0
000de5459ecd4e038c554b5379f0bf03,0.0,157.0,0.0,0.0,0.0,127.0,0.0,0.0
000e5d719ee444a7972fa45ce2eb79ad,237.0,0.0,0.0,0.0,179.0,0.0,0.0,0.0
000eebc45ab44a918542defd2a01c4b5,676.0,0.0,0.0,0.0,508.0,0.0,0.0,0.0
000f0f6892fd41c3835d42af2fd2fdc1,0.0,0.0,0.0,0.0,0.0,0.0,0.0,0.0
000f57c6626c4868975bfd77a982f69c,0.0,0.0,0.0,0.0,0.0,0.0,0.0,0.0
000fa171904649eb8c93bdd8a0fb16e2,0.0,0.0,0.0,0.0,0.0,0.0,0.0,0.0
001001a51ad9449f8f273c06dc51ddf7,0.0,81.0,0.0,0.0,0.0,68.0,0.0,0.0
001058ad3047451eb4428da8ada782d3,0.0,0.0,0.0,0.0,0.0,0.0,0.0,0.0
00107a944be64f5a81e83bdb0ff27a24,0.0,0.0,0.0,0.0,0.0,0.0,0.0,0.0
0010973c2c024dbe93aebe40a71e227d,0.0,0.0,500.0,0.0,0.0,0.0,380.0,0.0
0010cf87dee04a4687604f3b26023b0b,0.0,0.0,500.0,0.0,0.0,0.0,380.0,0.0
0011327ece8c4117a7865161c1a2e951,0.0,0.0,0.0,0.0,0.0,0.0,0.0,0.0
0011797751ce496cbfabe0338734a7be,0.0,946.0,0.0,0.0,0.0,617.0,0.0,0.0
0011f1e52a4e4286b37e9c19f88dd08b,0.0,769.0,0.0,0.0,0.0,0.0,0.0,0.0
00126820a0cc4abd95f2dddfc86b5be9,0.0,0.0,0.0,0.0,0.0,0.0,0.0,0.0
001289c40f0b4e0e96a20883125be1a2,0.0,0.0,0.0,0.0,0.0,0.0,0.0,0.0
0012b305152545a78de41945003b496e,0.0,0.0,0.0,0.0,0.0,211.0,0.0,0.0
001301d64fe4407b94f67adabc496222,0.0,655.0,0.0,0.0,0.0,505.0,0.0,0.0
00131dbb6fb04fa09d74bd05c7b32b0a,0.0,3085.0,0.0,0.0,0.0,2562.0,0.0,0.0
0013ac94f10247a1b02899312ec852e0,0.0,0.0,0.0,0.0,0.0,0.0,0.0,759.0
00143020be1b4b8f8b16b1a210c5bd26,0.0,0.0,0.0,0.0,424.0,0.0,0.0,0.0
0014cad335ec4ee897f51a97a65a690c,0.0,0.0,0.0,0.0,0.0,0.0,0.0,0.0
00155333b79743439ace11b444e2d8ba,0.0,0.0,0.0,0.0,420.0,0.0,0.0,0.0
0015715e2fbc4b4bb15419b733529623,0.0,0.0,0.0,0.0,0.0,0.0,0.0,0.0
001599a2ba294aebb570280f32fed970,0.0,0.0,0.0,0.0,0.0,0.0,0.0,0.0
0015ed29e80e48c0997e5378f7d3b9e8,0.0,0.0,0.0,0.0,0.0,0.0,0.0,0.0
00162ceb58d34a568af020d5113c55f1,0.0,0.0,0.0,0.0,0.0,0.0,0.0,0.0
0017122ed21c4eeea0d48a4afb71889f,0.0,721.0,0.0,0.0,0.0,549.0,0.0,0.0
0017aeafc73b4e9ea907d13f7e67a55e,0.0,0.0,0.0,0.0,407.0,0.0,0.0,0.0
0017b2496850497381d6660d944bbf0c,0.0,745.0,0.0,0.0,0.0,643.0,0.0,0.0
0017f6608168454f913874a6bd1cd116,0.0,0.0,0.0,0.0,0.0,0.0,0.0,0.0
00184d5fee7843f081ad6d97bf517253,0.0,0.0,0.0,0.0,0.0,0.0,0.0,0.0
0019a4bc92ad46e9b2524e6a8e38afb2,0.0,0.0,0.0,0.0,0.0,366.0,0.0,0.0
001a87f5a9c3487580fa5b9b2f2027a0,0.0,0.0,0.0,0.0,0.0,0.0,0.0,0.0
001ae11ec3ac48959d63d1c8a2113824,0.0,0.0,0.0,0.0,0.0,0.0,0.0,0.0
001b22310aab45d3b5c2ee61033ace52,0.0,0.0,500.0,0.0,0.0,0.0,380.0,0.0
001b82b5664b41d9bffbd960bc693b46,968.0,0.0,0.0,0.0,725.0,0.0,0.0,0.0
001b86a445da40469349ac0af0c5ba27,0.0,0.0,0.0,0.0,0.0,0.0,0.0,0.0
001bfe1af9d74df4aaf95faa78055db6,0.0,0.0,423.0,0.0,0.0,0.0,328.0,0.0
001cba6975dd459ea8c652def9433854,0.0,0.0,0.0,0.0,0.0,0.0,0.0,0.0
001d0fbbf0b54286929a592b93d24709,0.0,0.0,0.0,0.0,895.0,0.0,0.0,0.0
001d55a7443443cba5897f444b21d46c,0.0,129.0,0.0,0.0,0.0,104.0,0.0,0.0
001d9bebf49f489cb08091289d979d1a,0.0,327.0,0.0,0.0,0.0,0.0,0.0,0.0
001e1b035a4f4b9da8cebf6c60a12415,0.0,0.0,0.0,0.0,0.0,0.0,0.0,0.0
001e3f83645a4c71a47b05b365c10e7f,0.0,0.0,0.0,0.0,0.0,0.0,0.0,0.0
001ee3ab23714ce4b596759cab56ffde,0.0,0.0,0.0,0.0,0.0,0.0,0.0,0.0
001f41ecf4364c13be7c311d9ace5033,0.0,488.0,0.0,0.0,0.0,397.0,0.0,0.0
001faf9d36ea4d7e9137f32b86c7d41f,0.0,0.0,530.0,0.0,0.0,0.0,380.0,0.0
001fb2bf50ec456cb410d7ab25ab4195,0.0,0.0,0.0,0.0,0.0,0.0,0.0,0.0
001fe413c57441fe8589cdb8d3a1e09e,755.0,0.0,533.0,0.0,562.0,0.0,386.0,0.0
0021020a1d01438198c25e9eeeafe4e4,1572.0,0.0,0.0,0.0,1192.0,0.0,0.0,0.0
00224e8d9cde4df5a934b12885bf3aab,1304.0,0.0,0.0,0.0,935.0,0.0,0.0,0.0
0023718aacc44f16ab9369e01bfba48b,0.0,273.0,0.0,0.0,0.0,205.0,0.0,0.0
0023aee212d4459b86521bd7f4368c9b,0.0,529.0,0.0,0.0,0.0,426.0,0.0,0.0
0023bc2ae8964f1eab5b0b8129f7905b,0.0,0.0,0.0,0.0,0.0,0.0,0.0,0.0
002400c138654e63afa747f66d364d20,0.0,655.0,0.0,0.0,0.0,525.0,0.0,0.0
0024629b9c2c491db463d356cc82c404,0.0,0.0,0.0,0.0,0.0,0.0,0.0,0.0
0024731d8dfd4a23b11bbe85625ccffd,0.0,0.0,0.0,0.0,0.0,172.0,0.0,0.0
002475089174440fad4fa2458f7ecdf4,0.0,0.0,0.0,0.0,0.0,0.0,0.0,0.0
0024967db2d24270ae492817a12e836b,0.0,263.0,0.0,0.0,0.0,236.0,0.0,0.0
0024b3364f4c41c7a3e00827785a83ca,0.0,0.0,500.0,0.0,0.0,0.0,395.0,0.0
0024e59cc0924806826a3d88a83efa3c,0.0,0.0,0.0,0.0,0.0,255.0,0.0,0.0
0026168b23394863b094b20337682a37,0.0,887.0,0.0,0.0,0.0,680.0,0.0,0.0
0027593243f04789a819f4a635bc39eb,0.0,0.0,0.0,0.0,393.0,0.0,0.0,759.0
00278ea6570a4ca0b3a4fb1854ffc458,0.0,0.0,0.0,0.0,0.0,0.0,0.0,0.0
002849fe03c145e8898ec6f38bf7800d,0.0,0.0,0.0,0.0,0.0,0.0,0.0,0.0
00299685856246a59e718a1a4cf14ca5,0.0,278.0,0.0,1020.0,0.0,205.0,0.0,759.0
0029cd36d8cf4456bc389a0bda9985b5,750.0,0.0,320.0,0.0,614.0,0.0,263.0,0.0
002a23c3d21c44129ddce5a319a95eae,0.0,0.0,0.0,0.0,0.0,126.0,0.0,0.0
002aa717c3bb4da8a3290d8a42e24684,0.0,246.0,0.0,0.0,0.0,0.0,0.0,0.0
002b86c6a0734312baa8f75892de62be,0.0,0.0,0.0,0.0,0.0,0.0,0.0,0.0
002ba43d36ca4d4e94b5a51956672430,0.0,0.0,0.0,0.0,0.0,0.0,395.0,0.0
002bb1a2f9b046f48d6414bcbbf66eb5,0.0,0.0,0.0,0.0,0.0,525.0,0.0,0.0
002d3521f3e447d98735ec5c267fee92,0.0,499.0,0.0,0.0,0.0,378.0,0.0,0.0
002ea91e0fd44078a2088d23353f1549,0.0,0.0,530.0,0.0,0.0,0.0,410.0,0.0
002ed784aa254407823fe6538f2d169e,0.0,0.0,0.0,0.0,0.0,0.0,395.0,0.0
002fab142c6647d18feae6942a50cddb,0.0,0.0,0.0,0.0,0.0,112.0,0.0,0.0
002fab2ddd4c40b0ad074cc848ea167d,0.0,0.0,0.0,0.0,0.0,0.0,0.0,0.0
00305ab44d084ed2b8bdc51c393233b8,0.0,476.0,0.0,0.0,0.0,0.0,0.0,0.0
0030673bfc8b40289a81e42caf9bebec,0.0,0.0,0.0,0.0,0.0,0.0,0.0,0.0
0032ad122e1d4db58d06ddebdc7d49ad,582.0,0.0,0.0,0.0,3923.0,0.0,0.0,1670.0
0032edb9ad444bdabc1470d82a29c6a0,0.0,236.0,0.0,0.0,0.0,174.0,0.0,0.0
0033f2d63360486aba9a9c6a1e109b74,0.0,89.0,423.0,0.0,0.0,68.0,427.0,0.0
00343d630c8e4e679fdeb8ebca98ddaa,0.0,0.0,0.0,0.0,0.0,0.0,0.0,0.0
003485843d1e420ca63a7b5393679769,0.0,0.0,0.0,0.0,0.0,157.0,0.0,0.0
003697da7eb54f8595f295a10e557768,0.0,0.0,0.0,0.0,0.0,0.0,0.0,0.0
0036b09b12aa45a1ab89222c8380d75d,0.0,1224.0,0.0,0.0,0.0,945.0,0.0,0.0
0036b825ddff405cb135e53d38295fc8,0.0,0.0,0.0,0.0,0.0,0.0,0.0,0.0
00375aa5c5514cf8bf65ea1172b0c00b,0.0,0.0,0.0,0.0,0.0,0.0,0.0,0.0
0037b2ce41c646ecad66dcc031f44b28,0.0,0.0,0.0,0.0,0.0,0.0,0.0,0.0
0037ecda0c354701a080f275f7a41a12,0.0,0.0,0.0,0.0,0.0,250.0,0.0,0.0
003882c86430495a93e25edba17f2819,0.0,255.0,0.0,1059.0,0.0,183.0,0.0,759.0
0039d143641d46fea462771579a00efd,0.0,0.0,0.0,0.0,0.0,0.0,0.0,0.0
0039dbc9da324ed6ae0e37129f7d35e9,0.0,365.0,500.0,0.0,0.0,277.0,380.0,0.0
003a3c602c844dd99877e0b87b4fa2bd,0.0,0.0,0.0,0.0,0.0,0.0,0.0,0.0
003a3cac0416434eafc34d6cced321c6,0.0,0.0,0.0,0.0,0.0,705.0,0.0,0.0
003a53b5364a482c858ff1bf8e2a79b6,0.0,818.0,0.0,0.0,0.0,614.0,0.0,0.0
003a791140194bc880d14c9f8f645a0a,3173.0,0.0,0.0,0.0,2394.0,0.0,0.0,0.0
003bb22577674c2a8d36b2aef033d064,0.0,139.0,0.0,0.0,0.0,104.0,0.0,0.0
003bc488b5a34904804b78a404e133fc,0.0,0.0,0.0,0.0,0.0,92.0,0.0,0.0
003c4ce88faa4fa09347ace0854fe53b,0.0,0.0,0.0,0.0,0.0,0.0,0.0,0.0
003d34ccc61b42998425bdb86b17027a,0.0,326.0,0.0,0.0,0.0,0.0,0.0,0.0
003de7119837491c81d7955fcf2188bc,0.0,0.0,0.0,0.0,0.0,100.0,0.0,0.0
003e20bd6ca14c3ca0d161d872af90d2,0.0,0.0,0.0,0.0,0.0,0.0,0.0,759.0
003f09ffeb8745e8bedcedbd64611137,0.0,0.0,0.0,0.0,0.0,0.0,380.0,0.0
003f35bcb339442390af40f1054cda81,0.0,212.0,0.0,0.0,0.0,168.0,0.0,0.0
004168e40c844c2caee26c452a3343b2,0.0,0.0,500.0,0.0,0.0,0.0,395.0,0.0
0041ba8cd5fb40b8a65e25b16fe61a54,0.0,0.0,0.0,0.0,0.0,0.0,380.0,0.0
00420fde5eb94f24a1644720c47d6e57,0.0,275.0,0.0,0.0,0.0,210.0,0.0,0.0
0042b273e5d84e629310107ba652d4ee,0.0,0.0,423.0,0.0,0.0,0.0,328.0,0.0
0042ba61f5dd4156a9d512f000ffe460,0.0,0.0,0.0,0.0,0.0,0.0,0.0,0.0
0042ee9f48e447729c3aa0f338f4680a,0.0,809.0,0.0,0.0,0.0,0.0,0.0,0.0
0043af7cad6140c19de3372e9c119074,0.0,0.0,0.0,0.0,0.0,0.0,0.0,0.0
0044173ebaf54dfda510c9ab288d8bde,0.0,0.0,0.0,0.0,750.0,0.0,0.0,0.0
00448955e5d747bb9ee8f6274d8e8c2a,0.0,0.0,0.0,0.0,0.0,0.0,0.0,0.0
00448cbcd91f451e93e4b0e7409950c2,0.0,0.0,0.0,0.0,0.0,331.0,0.0,0.0
0044bbf9698e4f3bbe47448f962a415c,0.0,0.0,500.0,0.0,0.0,0.0,380.0,0.0
00453fe483354f69847a7d784f1949eb,0.0,0.0,0.0,0.0,0.0,0.0,0.0,0.0
0045547391374931b9fe629afc890a6e,0.0,0.0,0.0,0.0,0.0,264.0,380.0,0.0
00458aa10d1d4cc4b80f72cd4dcf2c11,1337.0,0.0,0.0,0.0,978.0,0.0,0.0,0.0
0045a13b7e31414287cab3c64bcb8e49,0.0,330.0,0.0,0.0,0.0,236.0,0.0,0.0
0045b5a17b584bf08f0721ab1e72cc62,0.0,0.0,0.0,0.0,0.0,410.0,0.0,0.0
00467fec39584c34925f156bfcef8e32,0.0,0.0,0.0,0.0,0.0,0.0,0.0,0.0
00473785ed6b4fba88940157f4451ff7,0.0,0.0,0.0,0.0,0.0,0.0,0.0,0.0
0047aeaeeb0f48d793ba15ed096a4876,0.0,0.0,0.0,0.0,0.0,0.0,0.0,0.0
004820e5683b4f948f77da21a5088f67,0.0,0.0,0.0,0.0,681.0,0.0,0.0,0.0
0048288392684eeeb911e31806f4a3a6,0.0,0.0,0.0,0.0,0.0,0.0,0.0,0.0
00488b3af6ae4df4b1aec8ad526c01a6,0.0,0.0,0.0,0.0,0.0,260.0,0.0,0.0
0048acac80fb4b36b255d6ed42d3ed78,0.0,389.0,0.0,0.0,0.0,278.0,0.0,0.0
0048fd15d32241d4a2f8ea7865303b1f,0.0,0.0,500.0,0.0,0.0,0.0,380.0,0.0
0049045bff224c1f997d18f10c5ee333,0.0,0.0,0.0,0.0,0.0,0.0,0.0,0.0
0049054f4be1496ea11c1437d8be2ca9,1000.0,0.0,0.0,0.0,2449.0,0.0,0.0,759.0
00495cc65778499fb9e15db95d54c0ef,0.0,0.0,0.0,0.0,0.0,0.0,0.0,0.0
0049d61e5b4a445abcfd1253b03c0e95,0.0,0.0,0.0,0.0,0.0,0.0,0.0,0.0
0049e915272b407686df686122b1e9c2,0.0,555.0,0.0,0.0,0.0,431.0,0.0,0.0
004a22b846534a98ac16fa1be3ab7332,0.0,0.0,0.0,0.0,0.0,276.0,0.0,0.0
004a8b88380f4c5aad4296f5348172d4,0.0,548.0,0.0,0.0,0.0,413.0,0.0,0.0
004a9749be7340eab0fb4fc60a769000,0.0,139.0,320.0,0.0,0.0,143.0,266.0,0.0
004c50936bda4109bf5437f123bb1659,0.0,0.0,0.0,0.0,0.0,0.0,0.0,0.0
004c6688629244a78db4f55ce3115435,0.0,0.0,0.0,0.0,0.0,0.0,0.0,0.0
004cd34e431245d78720a3237918be28,0.0,0.0,0.0,0.0,0.0,0.0,380.0,0.0
004d725cec624a1c8de1acd15174c6fc,0.0,164.0,0.0,0.0,0.0,123.0,0.0,0.0
004da1c5674d42b7887f86783ee29868,0.0,0.0,0.0,0.0,0.0,0.0,0.0,0.0
004eb88040dd4792a68f78629b6367ac,897.0,0.0,0.0,0.0,690.0,0.0,0.0,0.0
004fa03a134d491391a1715e32dca826,0.0,0.0,0.0,0.0,458.0,0.0,0.0,759.0
0050a1e6cd8a482da4bc8f5739d403a5,0.0,0.0,0.0,0.0,0.0,346.0,0.0,0.0
0050aafe221845ab86b2f9c35d85ccd1,0.0,0.0,0.0,0.0,0.0,362.0,0.0,0.0
00516ddeccbc4af4835d90f1fdc2044b,0.0,268.0,0.0,0.0,0.0,203.0,0.0,0.0
0051786087d4472ba11faf9552b408f2,0.0,0.0,0.0,0.0,0.0,0.0,0.0,0.0
0051b051ce3846c8aa1c165b08502631,0.0,0.0,0.0,0.0,0.0,0.0,0.0,0.0
00520f1c4f76424f8f77f40dffad2be5,0.0,0.0,0.0,0.0,581.0,0.0,0.0,0.0
00528af01685438dad23ddcf3c0d8640,0.0,0.0,0.0,0.0,0.0,0.0,0.0,0.0
0053ce11db644237bfb1171d0ce5ed19,0.0,0.0,0.0,0.0,0.0,0.0,380.0,0.0
0053f10454394ab3a29ea972a4c64fc0,0.0,820.0,799.0,0.0,0.0,622.0,607.0,0.0
0054430c7a574fde97c80a4eb53944c0,0.0,0.0,0.0,0.0,0.0,0.0,0.0,0.0
0054cfaddf6c480abcf4660df47c3df1,0.0,0.0,0.0,0.0,0.0,0.0,0.0,0.0
0054fa9259c242c18f07b1aea3af81a3,0.0,0.0,0.0,0.0,0.0,0.0,0.0,0.0
00558db154534726bcd72ff375925095,0.0,0.0,0.0,0.0,0.0,0.0,0.0,0.0
00563e8c86d2498ea88849efc3545528,0.0,0.0,0.0,0.0,0.0,0.0,0.0,0.0
0056403ac24341bca1d4714ac55485e1,0.0,323.0,0.0,0.0,0.0,244.0,0.0,0.0
005697b5f4da417bba9b8159885c66a0,0.0,0.0,500.0,0.0,0.0,0.0,380.0,0.0
0056ccbbad8c42e8b05a2f2bd22debc8,0.0,0.0,500.0,0.0,0.0,0.0,380.0,0.0
0056f1a1c570464f80c53c8d7f7c7782,0.0,0.0,0.0,0.0,0.0,0.0,0.0,0.0
0057950a69fb44fd9b06ab6c9f427762,0.0,0.0,0.0,0.0,0.0,0.0,263.0,0.0
00579e37772f4b989fc116f7f338e7d1,0.0,0.0,0.0,0.0,0.0,0.0,380.0,0.0
0058735ee5754ac39ac29c9245f99010,0.0,0.0,500.0,0.0,0.0,0.0,380.0,0.0
0058f5a69a02440e86b79307d027ee46,0.0,482.0,0.0,0.0,0.0,362.0,0.0,0.0
00598ea9d8a043789b1c7cca1181e537,0.0,0.0,0.0,0.0,0.0,0.0,0.0,0.0
005996851d4e4cfcbf4ed6ad093435c8,0.0,0.0,0.0,0.0,0.0,0.0,0.0,0.0
0059e6676ea5488799a5ce57691d8a71,0.0,0.0,0.0,0.0,0.0,0.0,0.0,0.0
005a242489b947019cee69f5d665818a,172.0,0.0,0.0,0.0,143.0,0.0,0.0,0.0
005a40a535854af2bb7289d385108864,0.0,0.0,0.0,0.0,0.0,0.0,0.0,0.0
005bba0c17a041d3a15f350a9be76351,0.0,0.0,0.0,0.0,0.0,0.0,440.0,0.0
005bdfa0bcb147d68cbc8ad7c5f8fa3e,0.0,328.0,0.0,999.0,0.0,191.0,0.0,759.0
005c384d85264fe79ede023a59ead6ed,0.0,443.0,633.0,0.0,0.0,371.0,500.0,0.0
005c3fe713fc42f0a0e662e0a1ada980,0.0,0.0,0.0,0.0,481.0,0.0,0.0,0.0
005c745147714ddf821327b68c570706,0.0,0.0,500.0,0.0,0.0,0.0,380.0,0.0
005cc43abbf64ef2903555385247cf21,1003.0,0.0,500.0,0.0,742.0,0.0,380.0,0.0
005ccbce0da14c9dbcf7ec928bbd0955,1053.0,0.0,0.0,0.0,723.0,0.0,0.0,0.0
005d3f3439c54938a1ed669d07168079,1086.0,0.0,0.0,0.0,793.0,0.0,0.0,0.0
0060149475844ed2bb506ff7cc8b30df,0.0,0.0,0.0,0.0,0.0,0.0,0.0,0.0
006033db1c044de4a3a0c3adbacb317e,0.0,0.0,0.0,0.0,0.0,0.0,427.0,0.0
00606ae0a8024555a8c884a241f64724,0.0,528.0,0.0,0.0,0.0,434.0,0.0,0.0
0060aceaa40e4d6a8407fb3c77db52ed,0.0,0.0,420.0,0.0,0.0,0.0,328.0,0.0
0060b03e9c5e4b15a0d02a1f20ae288c,0.0,0.0,500.0,0.0,0.0,0.0,380.0,0.0
0060b3fdd7924b8e901eee652eb6eeac,0.0,0.0,0.0,0.0,0.0,137.0,0.0,0.0
0060e371ba724206b92d1772f9a8b5e1,0.0,0.0,399.0,0.0,0.0,0.0,427.0,0.0
00611dea0f7344c4909929a1f6832312,0.0,0.0,0.0,0.0,0.0,0.0,0.0,0.0
00613f5a03c047ad9ade39ad5a492134,0.0,0.0,0.0,0.0,0.0,0.0,0.0,0.0
0061bc7e73204a4d80ca5abc0e29379f,0.0,0.0,0.0,0.0,0.0,0.0,0.0,0.0
006249dec39d456fbb2853cca3fa3746,0.0,459.0,0.0,0.0,0.0,181.0,0.0,789.0
0062659c7ad3496dbdd5b00fe511cd1e,0.0,0.0,423.0,0.0,0.0,0.0,328.0,0.0
00631269f2d8454e9291fc53947b0730,566.0,0.0,0.0,999.0,391.0,0.0,0.0,759.0
0063aadfacfd406ea086a57b4f64c025,0.0,0.0,0.0,0.0,0.0,0.0,0.0,0.0
0063fb922e354d6289d3eca378a7d514,0.0,0.0,0.0,0.0,0.0,168.0,380.0,0.0
0064fb1801be4d01bf20227cb43847a9,0.0,0.0,0.0,0.0,0.0,0.0,0.0,0.0
006557e1cd2f4e29b2d98a8e226df041,0.0,0.0,0.0,0.0,0.0,0.0,0.0,0.0
00668293e0274220a7901adbe1e25f36,0.0,0.0,0.0,0.0,0.0,0.0,380.0,0.0
0067225edd2640e1abc85c52cdaf9a75,0.0,0.0,0.0,0.0,0.0,0.0,0.0,0.0
0067241bdee44656a611333744ccbc2b,0.0,0.0,500.0,0.0,0.0,0.0,395.0,0.0
006821fa0cc247298d8048ca0dd0dcab,3180.0,0.0,0.0,0.0,2419.0,0.0,0.0,0.0
006841923d134025b4ca4ba366a17bc7,725.0,0.0,0.0,0.0,594.0,0.0,0.0,0.0
0068a03393af41cea0aa418cd818ba9d,0.0,1231.0,0.0,0.0,0.0,954.0,0.0,0.0
0068b267e9be4a4fb96128f225c0b34e,0.0,0.0,566.0,0.0,0.0,0.0,405.0,0.0
0068d23430324feebf1da9b7e06be286,788.0,0.0,500.0,0.0,601.0,0.0,380.0,0.0
00693a3073da47d0a667e555467391ed,0.0,0.0,0.0,0.0,0.0,280.0,0.0,0.0
006958c9e42d4bdbb6a25258db39d951,0.0,690.0,0.0,0.0,0.0,0.0,0.0,0.0
0069b1aa1d59412fa7e6a58e8232d847,0.0,0.0,0.0,0.0,0.0,0.0,0.0,0.0
006aa0f188004c65b077a30b9b54b65d,1159.0,0.0,0.0,0.0,973.0,0.0,0.0,0.0
006b37136e54479384873d5f6ca7a02f,0.0,0.0,0.0,0.0,0.0,0.0,0.0,0.0
006bb4e5354f4e93b878260a05b4befe,0.0,766.0,0.0,0.0,0.0,0.0,0.0,0.0
006bc661b9154a9cad9c72539a0f6742,0.0,0.0,0.0,0.0,0.0,219.0,0.0,0.0
006bf319f935498382dbbe0a4c6dffa9,0.0,0.0,0.0,0.0,0.0,0.0,0.0,0.0
006c598b282a4a5fa22b8e07744794f4,0.0,0.0,0.0,0.0,0.0,0.0,0.0,0.0
006da8f5d23e448eac9b385c00c7dd44,0.0,0.0,0.0,0.0,0.0,251.0,0.0,0.0
006de6a73d734a3ba491f174dd949f43,0.0,531.0,0.0,0.0,0.0,382.0,0.0,0.0
006edcd8d2b8489dba9cd32daba77fac,0.0,890.0,0.0,0.0,0.0,681.0,0.0,0.0
006f011700a0400bb66184b5442af4aa,0.0,0.0,0.0,0.0,0.0,0.0,0.0,0.0
006f42352f024f88ba2f23fccea7539d,0.0,0.0,0.0,0.0,0.0,0.0,0.0,0.0
006fd75dc950430884239dcd5194d1af,0.0,0.0,0.0,0.0,0.0,0.0,0.0,0.0
006fdd4f356447d8b2d4f40b66edf64c,0.0,0.0,0.0,0.0,0.0,0.0,0.0,0.0
00700545d9584865bb9c34c01e127649,0.0,0.0,0.0,0.0,0.0,0.0,0.0,0.0
00702ad23f2a400cb47a40ac734950d6,0.0,0.0,0.0,0.0,0.0,0.0,0.0,0.0
0070357c5f9e4389aa81d3f99ceef050,0.0,0.0,0.0,0.0,0.0,0.0,0.0,0.0
0070d1b438dc4894844e35a97bdf0b29,0.0,292.0,500.0,0.0,0.0,222.0,380.0,0.0
0070d9e91de5458b931da4d47a8ee109,0.0,0.0,0.0,0.0,0.0,164.0,0.0,0.0
0070f4e5adc24b23a790e210bad222d5,0.0,129.0,0.0,0.0,0.0,99.0,0.0,0.0
00714f297e354a8b9ae72fac67d5b281,0.0,0.0,0.0,0.0,0.0,0.0,0.0,0.0
0071bb8b40c24028bc9ef5fbc3ca8175,1666.0,0.0,0.0,0.0,1329.0,0.0,0.0,0.0
007204117101457080e5f27efbe561e4,0.0,0.0,0.0,0.0,0.0,0.0,0.0,0.0
00722bf29eb94d3d80f1d555f999f683,0.0,0.0,399.0,0.0,0.0,0.0,427.0,0.0
0072b0037f95474883e6e7108039415b,0.0,0.0,0.0,0.0,1193.0,0.0,0.0,0.0
007339e5d7c9404fa07c01f73f9e99a2,0.0,0.0,0.0,0.0,0.0,0.0,0.0,0.0
007387ddbfec491d96f7bc6ca53792a5,0.0,0.0,0.0,0.0,0.0,0.0,0.0,0.0
0073f9f7960d46498b2dc0bbabb5b684,0.0,0.0,0.0,0.0,0.0,0.0,0.0,0.0
007435b90d4146cbadd0bbd5093dc485,0.0,0.0,0.0,0.0,0.0,0.0,0.0,0.0
0074948097eb487a96235dc209502c16,0.0,0.0,0.0,0.0,0.0,0.0,0.0,0.0
0074b67a06e54ca79336ceffa7ab36e7,0.0,444.0,0.0,999.0,0.0,333.0,0.0,759.0
0075065d586f4a029a50a919b014ebfc,0.0,0.0,0.0,0.0,0.0,0.0,0.0,0.0
00753848ab9640248065b135d9459380,0.0,0.0,0.0,0.0,0.0,0.0,395.0,0.0
00756757ab9c4010aef07fd0cc448257,0.0,0.0,500.0,0.0,0.0,0.0,380.0,0.0
00764fee435a4a30af60582e6782ab74,0.0,0.0,0.0,0.0,0.0,0.0,0.0,0.0
0076c5ece68d49deae06378f2f1e71e6,0.0,0.0,0.0,0.0,621.0,0.0,0.0,0.0
00772d3b88d24b179ab05231923512c7,0.0,0.0,0.0,0.0,0.0,0.0,0.0,0.0
0077ad7a886746fba9c2fe1259e7d370,876.0,0.0,0.0,1020.0,607.0,0.0,0.0,759.0
00790a057e184ca9823936163d474e02,0.0,0.0,0.0,0.0,0.0,82.0,263.0,0.0
0079311da44642fa9be202ff7e614b44,0.0,0.0,0.0,0.0,0.0,0.0,0.0,0.0
007a60f399f44c3fade5b0495d760d59,0.0,441.0,0.0,0.0,0.0,441.0,0.0,0.0
007aab1ea75147a3aaae3154556efed2,0.0,572.0,0.0,0.0,0.0,438.0,0.0,0.0
007b9449edfa48f0accfa3977732b543,0.0,0.0,0.0,0.0,0.0,0.0,380.0,0.0
007bcc92272c47a4bb0cad85619ecea9,0.0,0.0,0.0,0.0,0.0,0.0,0.0,0.0
007c43fe718f4b9f9564193306e009b6,0.0,0.0,0.0,0.0,0.0,0.0,0.0,0.0
007d64d35a434d41a5f29f74db13d25c,0.0,0.0,500.0,0.0,0.0,0.0,380.0,0.0
007dbaf7c9054700880fe1cc1d990517,0.0,289.0,0.0,1059.0,0.0,207.0,0.0,759.0
007e1dfa652440249a92c21c8b036e17,0.0,212.0,0.0,0.0,0.0,159.0,0.0,0.0
007e4a37ae9f44048c686c0d81d786a5,0.0,0.0,0.0,0.0,0.0,0.0,0.0,0.0
007e51da41ae480abd1c8c2e9723b0f4,0.0,0.0,0.0,0.0,0.0,174.0,0.0,0.0
007e74370add456da705616109b5f3a5,0.0,0.0,0.0,0.0,0.0,0.0,0.0,0.0
007ea45c98974b8ba203fdbbb862a1c1,0.0,0.0,0.0,0.0,0.0,0.0,0.0,0.0
007eff86c421489d9486888098176d0a,0.0,0.0,0.0,0.0,441.0,0.0,0.0,0.0
007fa63ec4204fe6a622b6b7868b390c,0.0,0.0,0.0,0.0,0.0,0.0,380.0,0.0
007fece6aead448e8992930fcf6eaba6,0.0,305.0,0.0,0.0,0.0,232.0,0.0,0.0
0080415b3ed44fe58f9a48501a9cc2a8,0.0,0.0,0.0,0.0,0.0,108.0,0.0,0.0
0080d7614b9146d09669286fbe73b224,0.0,0.0,0.0,0.0,0.0,0.0,263.0,0.0
0081046aa3f840a8aa247c406ca18980,0.0,0.0,0.0,0.0,0.0,221.0,0.0,0.0
00810bfdcff24e6085561b4090082418,0.0,0.0,0.0,0.0,0.0,0.0,0.0,0.0
008278715a534be0b020e94d8f4381b8,0.0,0.0,500.0,0.0,0.0,0.0,380.0,0.0
0082ebe190ca4afcbe16aac785d1146e,0.0,0.0,500.0,0.0,0.0,0.0,380.0,0.0
0082ef7c2c844a999e1506d377a250d0,0.0,0.0,0.0,0.0,0.0,0.0,0.0,0.0
00830790097a411bb8b65428cffe4354,0.0,0.0,0.0,0.0,0.0,0.0,0.0,0.0
008360cadc1b466cbfd6132a0252e09e,0.0,0.0,0.0,0.0,0.0,98.0,0.0,0.0
008428f9de7143daac3992ff78ce93c9,0.0,203.0,0.0,0.0,0.0,157.0,0.0,0.0
00844287bb6549688b16057ce2dca8d9,0.0,0.0,0.0,0.0,0.0,0.0,0.0,0.0
008481e0c67c4152830692d5916f89b2,0.0,589.0,0.0,0.0,0.0,415.0,0.0,0.0
00851c62752348bfbb7fb4be0d4e1b13,0.0,0.0,0.0,960.0,0.0,0.0,0.0,759.0
00852b6bf9594fc3bc5a3f5760097066,0.0,0.0,0.0,0.0,0.0,0.0,0.0,0.0
0086b9c5716e41f0b8e66ca7d25eb9ed,0.0,0.0,500.0,0.0,0.0,0.0,380.0,0.0
0086c53dd6894bfab4a1ed837296a8ab,0.0,0.0,0.0,0.0,0.0,0.0,0.0,0.0
0086f235a1cc4128861658db705873aa,0.0,0.0,0.0,0.0,0.0,0.0,0.0,0.0
00870a86df0d4918bdda57b3bf2281f1,0.0,658.0,0.0,0.0,0.0,449.0,0.0,0.0
0087af7bef444d9c9ad4e609ef51c211,0.0,461.0,0.0,0.0,0.0,355.0,0.0,0.0
0087c89a600f4028819b89b27280ad9b,0.0,0.0,0.0,0.0,0.0,0.0,0.0,0.0
0088887a8f08441eaee8a17ee38531b1,0.0,554.0,0.0,0.0,0.0,429.0,0.0,0.0
0088c51d139a4586a65e905851490fba,0.0,210.0,0.0,0.0,0.0,160.0,0.0,0.0
008a2cc062ab4bccbf3165d65060f93f,0.0,182.0,0.0,0.0,0.0,0.0,0.0,0.0
008ab66a3b594a8bbbc3889062543c18,0.0,0.0,0.0,0.0,0.0,0.0,0.0,0.0
008b8698c97e4413996a3eccae6079f4,0.0,401.0,0.0,1059.0,0.0,290.0,0.0,759.0
008baf82ed8f4970bd78d7029ef1088e,0.0,0.0,0.0,0.0,532.0,0.0,424.0,0.0
008cb977ff8f48659a99c44be03baa9c,0.0,0.0,500.0,0.0,0.0,0.0,380.0,0.0
008d069a38364b87addb753806a7e403,0.0,0.0,0.0,0.0,0.0,0.0,0.0,0.0
008d4a812dc94f8fb4bb9432ee9bd7d7,0.0,0.0,0.0,1059.0,0.0,0.0,0.0,789.0
008f9dfa2a3548d29bf670c1d1ba6625,0.0,0.0,0.0,0.0,0.0,0.0,0.0,0.0
008ff0ccbd174093b9a398ad0de56a3c,0.0,0.0,0.0,0.0,0.0,66.0,0.0,0.0
0090dc7e4c2a47e6ab1a28046f6523ed,0.0,0.0,0.0,0.0,375.0,0.0,380.0,0.0
0091417adae34c4f9f6c3fbefe0756b1,0.0,344.0,500.0,0.0,0.0,206.0,380.0,0.0
00916000ff10414f89083cd6f5326454,0.0,210.0,500.0,0.0,0.0,4114.0,0.0,0.0
009191f5863b48b1a6c0674573fdaa9c,0.0,323.0,0.0,0.0,0.0,256.0,0.0,0.0
0091938597464ac08747522337f61982,0.0,0.0,0.0,0.0,924.0,0.0,0.0,0.0
0091baf5df9f4855a40959d46631bdc9,0.0,0.0,0.0,0.0,0.0,0.0,0.0,0.0
00923e5cbd154cff8ffe88a989919c38,0.0,321.0,0.0,999.0,0.0,259.0,0.0,789.0
00928641d8a642f88a526d2b5f2eab05,0.0,335.0,0.0,999.0,0.0,251.0,0.0,759.0
0092fe6dbcbc463babf0c6afc4aab869,0.0,0.0,0.0,0.0,0.0,0.0,0.0,0.0
009341a611c74b78acd593f75eec09b0,0.0,0.0,0.0,0.0,0.0,0.0,0.0,0.0
00941ed4e471417cb94d8f0c2388067e,0.0,440.0,0.0,0.0,0.0,341.0,0.0,0.0
009590d533a9450fa2f13ecd3e4d10e5,1157.0,0.0,0.0,0.0,823.0,0.0,0.0,0.0
00971e27e04f4fd6a340a04a38b9e5b1,0.0,0.0,0.0,0.0,0.0,0.0,0.0,0.0
0098a454d97f46df9e1014b26d1a6047,0.0,0.0,0.0,0.0,0.0,0.0,0.0,0.0
0098fe75daba4885804ca2d11d7a43b4,0.0,0.0,500.0,0.0,0.0,0.0,395.0,0.0
00996dce3d604eed8598549523bf9059,0.0,272.0,399.0,0.0,0.0,0.0,366.0,0.0
0099d19aa2154fb496451275f59ca6f9,0.0,0.0,0.0,0.0,0.0,0.0,0.0,0.0
009ae9764e4940e0ab0751f8018c47a7,0.0,0.0,500.0,0.0,0.0,0.0,380.0,0.0
009af21b478a4b4592cfeb47b7bf275c,4648.0,0.0,0.0,0.0,3520.0,0.0,0.0,0.0
009b48981c044c74a0cd202526327b62,0.0,0.0,0.0,0.0,0.0,0.0,0.0,0.0
009c25a5bfb84e588417e7c4225541d5,0.0,0.0,0.0,0.0,641.0,0.0,0.0,1139.0
009d096b92434757943ca1a80fe062df,0.0,441.0,500.0,0.0,0.0,367.0,395.0,0.0
009d2e9950a14cc5a83a2679a3b5d5b7,0.0,0.0,0.0,0.0,0.0,206.0,328.0,0.0
009da4bc61f74395b812842152df019a,0.0,0.0,0.0,0.0,0.0,0.0,0.0,0.0
009ed1511b5e4b93abfbe90592df36ee,0.0,1032.0,0.0,0.0,0.0,783.0,0.0,0.0
009ed30085344c85987735caf42fe0ac,0.0,210.0,500.0,0.0,0.0,4114.0,0.0,0.0
009f065a58334621ac738226f218f90d,0.0,331.0,0.0,0.0,0.0,235.0,0.0,0.0
00a0c9bd9af9423aafefd190778797ef,0.0,0.0,0.0,0.0,0.0,0.0,0.0,0.0
00a1c942b2824e88b3b71b8e05f9c15b,0.0,853.0,0.0,0.0,0.0,649.0,0.0,0.0
00a23a5a00704c929fd546cd7eae1f32,0.0,0.0,0.0,0.0,0.0,0.0,0.0,0.0
00a4192a959f4aa9abea13250236c1d9,0.0,381.0,500.0,0.0,0.0,289.0,380.0,0.0
00a43c4b9890460ba0db026c47670428,0.0,128.0,0.0,0.0,0.0,101.0,0.0,0.0
00a499972e6040838f2255c143fac43b,0.0,150.0,0.0,0.0,0.0,0.0,0.0,0.0
00a4d5be36274a0ea1b2388dae1cfba3,0.0,639.0,0.0,1772.0,0.0,515.0,0.0,1456.0
00a58af7693c4dc8a340dfcb51a3b353,0.0,0.0,0.0,0.0,0.0,0.0,0.0,0.0
00a5b224f3e348d5ae381030bc6215c9,0.0,1146.0,0.0,0.0,0.0,877.0,0.0,0.0
00a5dc86dd0d4c53ae50609fd6da9550,0.0,697.0,0.0,0.0,0.0,0.0,0.0,0.0
00a6f143573e42669fc6ba47a815f742,0.0,0.0,0.0,0.0,0.0,0.0,0.0,0.0
00a78550005b420f9cdd961d2a2fd340,0.0,0.0,399.0,0.0,0.0,0.0,328.0,0.0
00a78fda390345838e0b17527f5657bb,0.0,0.0,0.0,0.0,0.0,0.0,0.0,0.0
00a7c14231ff44f4b075f3617bfdcb63,0.0,483.0,0.0,0.0,0.0,409.0,0.0,0.0
00a84e3cca71463b8af6d578c80eeeec,0.0,0.0,0.0,0.0,199.0,0.0,268.0,0.0
00a87c146b8340e88bf003f0b75634ab,0.0,0.0,0.0,0.0,0.0,0.0,0.0,0.0
00a899f7e1b047d9af0a4a7923475693,0.0,0.0,500.0,0.0,0.0,0.0,380.0,0.0
00a8a370ae8b4340a09f5467f483d2d1,0.0,0.0,500.0,0.0,0.0,0.0,380.0,0.0
00a9640218ea483fad607d830d77bbb5,0.0,0.0,0.0,0.0,0.0,0.0,0.0,0.0
00a9e28a8dc64b929c5c7a9f65d843d4,0.0,963.0,0.0,0.0,0.0,798.0,0.0,0.0
00a9f958746a42068917dd39eefe5e83,0.0,0.0,0.0,0.0,0.0,0.0,0.0,0.0
00aa1541752549be86f44487c4c74160,0.0,0.0,500.0,0.0,0.0,0.0,380.0,0.0
00aa890065c74e7994f3a918d2c88002,0.0,0.0,0.0,0.0,0.0,0.0,0.0,0.0
00ab2bad55e74acd8620165e2848d893,1769.0,0.0,849.0,0.0,1337.0,0.0,626.0,0.0
00ab7090ec4a4f6ea5b480d2b7ba3f23,0.0,0.0,0.0,0.0,0.0,0.0,0.0,0.0
00abaa1e20724899929da6bd5dd3cc42,0.0,0.0,500.0,0.0,0.0,0.0,380.0,0.0
00abc2d607bb4cc1ba52dad09bcf06b3,0.0,0.0,0.0,0.0,0.0,0.0,0.0,0.0
00ac097c958749b49961eba4ea5f1f3b,0.0,0.0,0.0,0.0,0.0,0.0,0.0,0.0
00ac119b1f8d4667b56f6289e29dc459,0.0,980.0,0.0,0.0,0.0,743.0,0.0,0.0
00acba46a20343848ef868222228f3e5,0.0,591.0,500.0,0.0,0.0,421.0,380.0,0.0
00accead9cb944559791e16d4be263a2,0.0,751.0,0.0,0.0,0.0,521.0,0.0,0.0
00ae2da1b6384b84a20b271c822d4e2e,0.0,0.0,0.0,0.0,0.0,0.0,0.0,0.0
00ae4815744842e8b6d7f72d2520e0c4,0.0,0.0,0.0,0.0,0.0,112.0,0.0,0.0
00ae92bae19e4c0eb846cb3346cee213,0.0,0.0,0.0,0.0,0.0,0.0,0.0,0.0
00ae99aaeebe4c88983e8ce10fdac85c,0.0,0.0,0.0,0.0,0.0,0.0,0.0,0.0
00aee56b2eb348b39a24f95b610c0241,0.0,0.0,0.0,0.0,0.0,0.0,0.0,0.0
00af0b247f194940b0212c3584dd3194,0.0,205.0,0.0,0.0,0.0,156.0,0.0,0.0
00b03af1fc3147ebb0eab9fc203a70f2,0.0,0.0,0.0,0.0,0.0,301.0,0.0,0.0
00b086e5a2bd4ac68f93529755cf795d,0.0,585.0,0.0,0.0,0.0,426.0,0.0,0.0
00b0a3ce37c146b48ad1dbf9bebaf34a,0.0,0.0,0.0,0.0,0.0,0.0,0.0,0.0
00b0b5a8e0294fcba81c456931142de2,0.0,692.0,0.0,0.0,0.0,525.0,0.0,0.0
00b0e4be80bc4fcd897efab5c7a50663,0.0,0.0,0.0,0.0,0.0,0.0,0.0,861.0
00b11088d4e84eaf8a49ec98b534813d,0.0,0.0,0.0,0.0,966.0,0.0,0.0,0.0
00b12a91e6374e70bb07988326b03b5f,0.0,0.0,0.0,0.0,0.0,0.0,0.0,0.0
00b16bba10f64b85b06c8785f55f2f41,715.0,0.0,0.0,0.0,536.0,0.0,0.0,0.0
00b17737c2d745aaa71c6b0402281170,0.0,443.0,0.0,0.0,0.0,358.0,0.0,0.0
00b1f7fa5f3e4f05bd63a858b234d1e9,0.0,0.0,0.0,0.0,0.0,0.0,0.0,0.0
00b22f96095f4ba1b12478542f060764,0.0,824.0,0.0,0.0,0.0,580.0,0.0,0.0
00b3dc49024d4d19bfe95f6e01ef30a1,0.0,0.0,0.0,0.0,0.0,0.0,0.0,0.0
00b47ebb186e4764b1a16341bda3dc4c,0.0,0.0,0.0,0.0,0.0,222.0,0.0,0.0
00b628ba5a7448af8147f6fe65b9fed0,0.0,0.0,0.0,0.0,882.0,0.0,0.0,0.0
00b687b884844f91b088d4cbffa708b9,0.0,0.0,0.0,0.0,361.0,0.0,427.0,0.0
00b6c04328cc4e4aace9f595d9e7139f,1029.0,0.0,0.0,999.0,853.0,0.0,0.0,789.0
00b75518805d44e6b2c4d0054b9f19f3,0.0,0.0,0.0,0.0,0.0,0.0,0.0,0.0
00b770eb7e3f49a7a96376c49e23d45f,0.0,0.0,530.0,0.0,0.0,0.0,380.0,0.0
00b7e146c8ca45b19de50e1eabb3a0eb,759.0,0.0,0.0,0.0,2758.0,0.0,0.0,759.0
00b825bb0ab6489fba257330a1f65eef,0.0,0.0,0.0,0.0,0.0,0.0,380.0,0.0
00b8382804b74bb0aaa1814cdbeaaa7d,0.0,0.0,0.0,1020.0,0.0,0.0,0.0,759.0
00b876349f734f409b9b417b6719ba87,1208.0,0.0,991.0,0.0,991.0,0.0,746.0,0.0
00b9553a5bd44375a9aeab170a459a1b,0.0,0.0,0.0,0.0,0.0,0.0,0.0,0.0
00b9b4efbceb4381a012ff713240c433,0.0,456.0,0.0,0.0,0.0,339.0,0.0,0.0
00ba14f7485b42599f1b51d982f625c6,0.0,0.0,0.0,0.0,0.0,0.0,0.0,0.0
00ba699f043d41dd9b948c5cfabe1905,0.0,376.0,0.0,0.0,0.0,310.0,0.0,0.0
00ba6e8c443444a4960c84ab55277225,0.0,723.0,0.0,0.0,0.0,555.0,0.0,0.0
00ba9cc70bc74504af17081ded8e3a21,0.0,0.0,0.0,0.0,0.0,0.0,0.0,0.0
00baaf5026f0497b9c19c863e84a9fb6,0.0,0.0,0.0,0.0,0.0,245.0,266.0,0.0
00bafa48af704f0eaa753c5732b6e29b,0.0,0.0,0.0,0.0,2178.0,0.0,380.0,0.0
00bb816ac052443882c54042273e494f,0.0,0.0,0.0,0.0,0.0,0.0,0.0,0.0
00bbc413e5014c49b20880c2c63fb4ee,0.0,0.0,0.0,0.0,386.0,0.0,0.0,759.0
00bc20c77d7d4eb986b570784da7380f,0.0,0.0,0.0,0.0,0.0,0.0,0.0,0.0
00bc53d62a194feeb340f9cc416fb830,0.0,0.0,0.0,0.0,0.0,0.0,0.0,0.0
00bc5d1583f64dba8ac831dc400f0d32,0.0,311.0,0.0,0.0,0.0,223.0,0.0,0.0
00bc86daadd647ff8c2016335da72375,0.0,0.0,0.0,0.0,0.0,0.0,0.0,0.0
00bc98817d2d4956b6f500f074865c9f,0.0,0.0,0.0,0.0,0.0,412.0,380.0,0.0
00be1ef5af5d4d80a32c8775538783ae,0.0,331.0,0.0,0.0,0.0,319.0,0.0,0.0
00be85931ff34cac840f4c1ef6160964,0.0,534.0,0.0,0.0,0.0,401.0,0.0,0.0
00be896e90184e00a79a0ffb2f5a86fc,0.0,177.0,0.0,0.0,0.0,137.0,0.0,0.0
00bf8a26c5564a198c0edac5f2e585e6,0.0,0.0,0.0,0.0,0.0,0.0,0.0,0.0
00c020694a2e44c891a822894c2fac09,0.0,0.0,0.0,0.0,0.0,0.0,0.0,0.0
00c0764ab02b45528d73cbd6441aa293,0.0,0.0,0.0,0.0,0.0,0.0,0.0,0.0
00c0a9772e294f58a7a5180c3f9adbb1,0.0,0.0,0.0,0.0,0.0,0.0,0.0,0.0
00c19be762df4162a09db46a62b33393,0.0,327.0,0.0,0.0,0.0,237.0,0.0,0.0
00c1b814b5884359a3facf2c84f21c8c,1145.0,0.0,0.0,0.0,868.0,0.0,0.0,0.0
00c31edd83c747a2bd2799df65c5adc2,0.0,0.0,0.0,0.0,0.0,0.0,0.0,0.0
00c3b6e4433c4ca48243d1ccd0adfe28,0.0,0.0,0.0,0.0,0.0,0.0,0.0,0.0
00c43842661c411b8af6f43985c14f52,0.0,0.0,0.0,0.0,445.0,0.0,263.0,0.0
00c4519d9b5b4255a210aaa80572ec1a,0.0,0.0,0.0,0.0,841.0,0.0,0.0,0.0
00c5241e39c4496297a0dd1c785af875,0.0,0.0,0.0,0.0,0.0,0.0,0.0,0.0
00c56901ac61485b91a375e01ee6d32a,0.0,0.0,0.0,0.0,0.0,0.0,0.0,0.0
00c606928fae486d9002796d4d532606,0.0,0.0,0.0,999.0,0.0,0.0,0.0,759.0
00c62c38145946aa88d7ebf014b4a3c3,0.0,0.0,0.0,0.0,0.0,182.0,0.0,0.0
00c669c367d7476d8112f5889a7a099c,0.0,0.0,0.0,0.0,0.0,0.0,265.0,0.0
00c71178aeb64d5382300b1efab94385,0.0,0.0,0.0,0.0,0.0,0.0,380.0,0.0
00c7c3290b9a4df3aea98a1ff1196698,0.0,0.0,0.0,0.0,0.0,0.0,0.0,0.0
00c804cf6ebb4a359ed683d4cb15604b,0.0,0.0,0.0,0.0,0.0,0.0,0.0,0.0
00c8766445cd4fdd829ca6f38e324e64,0.0,0.0,0.0,0.0,0.0,0.0,0.0,0.0
00c9849c25c147a4b964443d46cf4eca,0.0,0.0,0.0,0.0,0.0,0.0,0.0,0.0
00c9f149f0ef482aabe71362c2ea61a0,0.0,217.0,320.0,0.0,0.0,163.0,263.0,0.0
00c9f734cd074c17b3420a0c8c922145,0.0,0.0,0.0,0.0,758.0,0.0,0.0,0.0
00ca8efb5da24a9c9082598e4e7727a8,0.0,0.0,0.0,0.0,0.0,0.0,380.0,0.0
00cb161f4b764236a6a43a8a7096a34b,0.0,0.0,0.0,0.0,0.0,0.0,0.0,0.0
00cb3aee485b4797b1ca61528ae0fcf5,0.0,0.0,0.0,0.0,0.0,161.0,0.0,0.0
00cb577a9e564aa08089cd8a67af8f3d,0.0,0.0,530.0,0.0,0.0,0.0,380.0,0.0
00cbede9bea8485e924a8bd4cd60faa2,0.0,0.0,0.0,0.0,0.0,0.0,0.0,0.0
00cc965e448547ef90be1c749741bf3c,0.0,0.0,0.0,0.0,0.0,0.0,0.0,0.0
00cd6d9f36e1498ebde938bff7cc6548,0.0,0.0,500.0,0.0,0.0,0.0,380.0,0.0
00ce78905f7642daa17dfd5e3a1c8a56,1315.0,0.0,0.0,0.0,994.0,0.0,0.0,0.0
00cf20ce1d7a4a30a9bf1722b2bef28d,0.0,0.0,399.0,0.0,0.0,0.0,328.0,0.0
00cf213ac7cc4e3dba7e0052de96b45a,0.0,0.0,0.0,0.0,0.0,191.0,0.0,0.0
00cf286c86be488d9f85937f73ecdcbc,0.0,430.0,0.0,0.0,0.0,306.0,0.0,0.0
00cfe70fddd24603a7245ff692babe7a,1986.0,0.0,0.0,0.0,1632.0,0.0,0.0,0.0
00d06c9a38a447578e1200a9d372dc64,0.0,0.0,0.0,0.0,0.0,0.0,0.0,0.0
00d15e6c888e49c297de6f3c040e68b1,0.0,121.0,320.0,0.0,0.0,110.0,268.0,0.0
00d164a76ae24e6599cf49c16a4b0290,0.0,0.0,0.0,0.0,0.0,0.0,0.0,0.0
00d1ca2731bb42d4a0c3f2d3b77192ca,0.0,445.0,0.0,0.0,0.0,321.0,0.0,0.0
00d1ebc9171c40c59c44399c1e40f8cc,0.0,0.0,0.0,0.0,535.0,0.0,0.0,759.0
00d232284198427cbfcebbd99d446534,0.0,0.0,0.0,0.0,931.0,0.0,0.0,0.0
00d3d56ccbf44e1289fe15fc98d5fafb,0.0,0.0,0.0,0.0,1548.0,0.0,0.0,0.0
00d470e41647493385100ff5d0d88139,0.0,0.0,0.0,0.0,536.0,0.0,0.0,0.0
00d4ea179b6345bab285a2779b16a744,0.0,0.0,0.0,0.0,0.0,960.0,0.0,0.0
00d502ab5fef421ca4126d9b00916433,0.0,0.0,0.0,0.0,0.0,0.0,380.0,0.0
00d5627cbcc84180b235ca3542320528,0.0,623.0,0.0,0.0,0.0,469.0,0.0,0.0
00d5a24a41b34a2f89633982762f4491,0.0,0.0,0.0,0.0,392.0,0.0,0.0,0.0
00d5e46f5c9549e4bca15b46336ff59c,0.0,714.0,0.0,0.0,0.0,512.0,0.0,0.0
00d6454a34f04efbb37d6619419af282,0.0,0.0,0.0,0.0,0.0,0.0,0.0,0.0
00d78afa7b25417a9afd7baf83cbd3b9,0.0,0.0,0.0,0.0,0.0,0.0,0.0,759.0
00d8471352ca4812bddb450ccee3130b,0.0,0.0,0.0,0.0,0.0,0.0,0.0,0.0
00d8d7e460434afba1bb35e90c19e317,0.0,0.0,0.0,0.0,0.0,0.0,395.0,0.0
00d9a64c33a94cc0869f0ee2d6561430,0.0,0.0,0.0,0.0,0.0,0.0,0.0,0.0
00d9f1c25503482e907d449449823986,0.0,0.0,0.0,0.0,0.0,0.0,0.0,0.0
00da20c3fa6b4f888290efb6e95c435e,0.0,0.0,0.0,0.0,0.0,0.0,0.0,0.0
00da7c58f2f44b409177cebd8da6b726,0.0,0.0,0.0,0.0,0.0,0.0,0.0,0.0
00da7ceff36a4f6381940ee212b52e86,918.0,0.0,0.0,0.0,3186.0,0.0,0.0,759.0
00db1683328a4af0b5437f4541efaea3,0.0,290.0,0.0,0.0,0.0,237.0,0.0,0.0
00db2068c9ce4446890a70337295f5cc,0.0,0.0,0.0,0.0,0.0,0.0,0.0,0.0
00dba755cf1b4653a11104846343b5a5,0.0,0.0,0.0,0.0,0.0,0.0,0.0,0.0
00dcf7bb9f344cd1a3db99bf1c0b85a7,0.0,479.0,0.0,0.0,0.0,0.0,0.0,0.0
00de8acc84a64eaeb44a55780365fe46,344.0,0.0,0.0,0.0,306.0,0.0,0.0,0.0
00dec66e18ab4eeab32e9286e8e20537,0.0,0.0,0.0,0.0,0.0,160.0,0.0,0.0
00def42158cf486b94b4b0265779e693,0.0,0.0,500.0,0.0,0.0,0.0,380.0,0.0
00df8bd0748a490bb1592cc926c47df5,0.0,0.0,0.0,0.0,0.0,0.0,0.0,0.0
00dfac82bfa24cd0a7b3bf4dbf9fe9ad,0.0,0.0,0.0,0.0,0.0,0.0,0.0,0.0
00e04ea819214ccf9b2032c019a05bac,0.0,0.0,500.0,0.0,0.0,0.0,395.0,0.0
00e08f3f248d4b488688677d35318352,0.0,0.0,0.0,0.0,0.0,0.0,0.0,0.0
00e10f5050504cca957598a608bd4bf9,0.0,265.0,500.0,0.0,0.0,209.0,395.0,0.0
00e13b40328a4d91b23691e38c3479c6,1517.0,0.0,0.0,0.0,1315.0,0.0,0.0,0.0
00e1d7356da541ca9cf788cc922ab04c,0.0,334.0,500.0,0.0,0.0,271.0,395.0,0.0
00e29a4dbadc44b99018c4e946c971e4,0.0,0.0,500.0,0.0,0.0,0.0,380.0,0.0
00e3a6a0fb1d4353bf2c837957f10706,0.0,0.0,0.0,0.0,465.0,0.0,0.0,0.0
00e40adcfd294941a31345c9baf86d63,0.0,0.0,0.0,0.0,0.0,0.0,0.0,0.0
00e428e61c4f4478b352b74e22c76181,0.0,0.0,0.0,0.0,0.0,0.0,0.0,0.0
00e462208ef9481590cb95b036659b7d,0.0,0.0,0.0,0.0,0.0,111.0,0.0,0.0
00e691df31de4b9799bd9867bbe969a3,0.0,0.0,0.0,0.0,0.0,0.0,0.0,0.0
00e6dd73bc3e4025a7e135b466f93941,750.0,0.0,0.0,0.0,607.0,0.0,0.0,0.0
00e77095037a464d84f581f79e5bda13,0.0,0.0,500.0,0.0,0.0,0.0,380.0,0.0
00e7c3210ace4767a7caa5e80ee2355d,0.0,0.0,0.0,0.0,928.0,0.0,0.0,0.0
00e7d779155041ccb769869cd8af16db,0.0,0.0,0.0,0.0,0.0,0.0,0.0,0.0
00e7e5b8997c45709cfe01be193964aa,0.0,0.0,0.0,0.0,0.0,0.0,0.0,0.0
00e877e393974c008236b7b6f0cef8b9,0.0,0.0,0.0,0.0,0.0,0.0,0.0,0.0
00eae25d39814fb28e341355a99f188d,0.0,293.0,0.0,0.0,0.0,245.0,0.0,0.0
00eb29170e574ec896abe3f47e1eabbe,0.0,0.0,0.0,0.0,666.0,0.0,0.0,0.0
00eb68e5d3f64ee2bac9518f724e70ba,0.0,0.0,0.0,0.0,1361.0,0.0,0.0,0.0
00eb90dd75eb4eacb122b917b35f0166,2145.0,0.0,0.0,0.0,1634.0,0.0,0.0,0.0
00ec3f0cae1e42ef96b80a53cd272dd9,0.0,0.0,0.0,0.0,652.0,0.0,0.0,0.0
00ecb2eacce14114a39652f19160fdcb,0.0,0.0,0.0,0.0,0.0,0.0,0.0,0.0
00ed4bddfd7f46e78e328c05f63c1f7d,0.0,0.0,0.0,0.0,0.0,0.0,0.0,0.0
00ed54bb6e1f440cb80b7a99243f6573,2029.0,0.0,0.0,2191.0,1562.0,0.0,0.0,1689.0
00edb768e98a451e8651296ddc2a29e2,0.0,0.0,0.0,0.0,649.0,0.0,0.0,0.0
00ee26b2f13a441e8779ba3372e0e03e,0.0,273.0,0.0,0.0,0.0,206.0,0.0,0.0
00ef4fd28e504df9984119a6511bb1dd,0.0,0.0,0.0,0.0,0.0,955.0,0.0,0.0
00ef7629c539454bb3e162b3c3048fc9,0.0,408.0,0.0,0.0,0.0,313.0,0.0,0.0
00efc57ba7d0453abe96ddc56d9b73cf,650.0,0.0,0.0,0.0,495.0,0.0,0.0,0.0
00f058c65f274a38b335137d5f24f451,0.0,0.0,0.0,0.0,0.0,0.0,0.0,0.0
00f2d5691e6242a6811264566b2a778f,0.0,401.0,0.0,0.0,0.0,293.0,0.0,0.0
00f32c828e8748e1bc77cf086ae82f7e,0.0,0.0,500.0,0.0,0.0,0.0,380.0,0.0
00f35fd059fb45cbb032e1b8e72997ae,0.0,0.0,0.0,0.0,0.0,0.0,0.0,0.0
00f3e16115ae442eb7d932c2b20efd94,0.0,0.0,530.0,0.0,0.0,0.0,380.0,0.0
00f4824d106944249bc897ec9d7df034,0.0,589.0,0.0,0.0,0.0,435.0,0.0,0.0
00f48673a31845799b79b170288530fa,951.0,0.0,0.0,0.0,835.0,0.0,0.0,0.0
00f4b0d8a7054302ac99d9fd9be4a6de,0.0,0.0,0.0,0.0,0.0,0.0,0.0,0.0
00f4b85e6d394b6aaa58607c5fb97b6b,0.0,461.0,0.0,0.0,0.0,336.0,0.0,0.0
00f4d38eb06b41608c98002344b9f164,0.0,320.0,0.0,0.0,0.0,244.0,0.0,0.0
00f5838849bd496280d287334155d751,0.0,0.0,0.0,0.0,0.0,0.0,0.0,0.0
00f5d824422645fe824af13a0823302c,0.0,0.0,0.0,0.0,0.0,257.0,0.0,0.0
00f5f41e55e9407c96e4ef16e95fc449,0.0,0.0,0.0,0.0,0.0,0.0,0.0,0.0
00f60e3123544d09b9d30789d5cac017,0.0,120.0,0.0,0.0,0.0,98.0,0.0,0.0
00f617b52bf14eff9267ca963735b2c4,621.0,0.0,0.0,0.0,552.0,0.0,0.0,0.0
00f65fc0c59146e78d44d54aab503606,0.0,0.0,0.0,0.0,0.0,0.0,395.0,0.0
00f66add06c147799d9cb8d19c6497c2,0.0,420.0,0.0,0.0,0.0,317.0,0.0,0.0
00f66b98135c4039a40f66ff09cd3994,0.0,0.0,0.0,0.0,0.0,0.0,380.0,0.0
00f6b6bde7eb415b9b0cbb8fd032bd6b,0.0,0.0,0.0,0.0,0.0,213.0,0.0,0.0
00f6fd06d4364d5ba0fb00921ee4a469,0.0,538.0,0.0,0.0,0.0,406.0,0.0,0.0
00f81a6da2f244dda75c1bfda795f541,0.0,0.0,0.0,0.0,0.0,397.0,0.0,0.0
00f8217fa11443c188f40a759cd74811,0.0,1042.0,0.0,0.0,0.0,793.0,0.0,0.0
00f82ab766fd4497a5fc67c593bcddeb,0.0,0.0,0.0,0.0,0.0,111.0,328.0,0.0
00f886f9197742e2abfa59b54569b6a8,0.0,0.0,0.0,0.0,0.0,192.0,0.0,0.0
00fa8da8a59c4651af765e754bd39dc0,0.0,0.0,0.0,0.0,0.0,0.0,380.0,0.0
00faba9f203643b3b119600936008561,307.0,0.0,0.0,0.0,284.0,0.0,0.0,0.0
00fba2eb4da1435aa814aa05548f4ec2,0.0,0.0,0.0,0.0,0.0,0.0,0.0,0.0
00fbd75f63f24ed0a6b117d3ccdb5859,0.0,0.0,0.0,0.0,0.0,0.0,0.0,0.0
00fbea5270504af5a8e9866bbf7cc094,0.0,328.0,0.0,1059.0,0.0,244.0,0.0,789.0
00fd4d2e03e84e99b3fb1dc7c4cf3b66,0.0,0.0,320.0,0.0,0.0,0.0,281.0,0.0
00fd774c349e420ea79e423f071cc4c8,0.0,0.0,0.0,0.0,0.0,0.0,380.0,0.0
00ff258669c04dd28f8b65faf4395d5e,0.0,0.0,0.0,0.0,0.0,0.0,0.0,0.0
00ff8dda2d3346169f2fe126eda01c32,0.0,0.0,0.0,0.0,0.0,0.0,0.0,0.0
00ffd4b9d3ff4c0291fa619d5e66690b,0.0,0.0,0.0,0.0,0.0,0.0,0.0,0.0
010006d05e814bf59cdec7529279ff84,0.0,0.0,0.0,0.0,0.0,0.0,0.0,0.0
01008417b32645fcbe81004d6f32134d,0.0,0.0,0.0,0.0,0.0,0.0,0.0,0.0
010094a006a94324a76c099f62e47ae0,0.0,0.0,0.0,0.0,210.0,0.0,0.0,0.0
01009cb1823245f9be4851d9646d9709,0.0,0.0,0.0,0.0,0.0,0.0,0.0,0.0
0100cf9ac8c24d59b8b81adf5ea744d2,0.0,813.0,0.0,0.0,0.0,0.0,0.0,0.0
01010626ec384d0d84fed0279f56fa11,0.0,0.0,500.0,0.0,0.0,0.0,380.0,0.0
0101cd866bbe4b8e81fb5fed66437c49,0.0,0.0,500.0,0.0,0.0,0.0,395.0,0.0
01021f7274454b79b86e7b0259ae29e3,0.0,546.0,0.0,0.0,0.0,424.0,0.0,0.0
0102896d5ed74578be67e51bb8a01a91,0.0,0.0,0.0,0.0,0.0,0.0,0.0,0.0
0102bfd8b3e3402aaddcdbe2f5045d23,0.0,0.0,0.0,0.0,451.0,0.0,0.0,0.0
01033750cea5416fa585cd90dd0589c4,0.0,169.0,0.0,0.0,0.0,138.0,0.0,0.0
01036a3991394d9486e9a09c07c4affc,0.0,0.0,0.0,0.0,327.0,0.0,0.0,0.0
0103840148d84e88bde1fc1285a23c5b,0.0,0.0,0.0,0.0,0.0,249.0,395.0,0.0
0103cd5044d8435f8dbcbea2d664723f,0.0,0.0,0.0,0.0,0.0,0.0,380.0,0.0
01040394c6384a418ead610ac0aed03e,0.0,484.0,0.0,1748.0,0.0,333.0,0.0,1164.0
0104241d43524d92a3becea0492a13d2,0.0,668.0,0.0,0.0,0.0,556.0,0.0,0.0
01043a3b1c474601994004b78add7fae,0.0,0.0,0.0,0.0,0.0,0.0,0.0,0.0
01045f44b8fc4efd9d6ee85bfca1fc76,0.0,567.0,0.0,0.0,0.0,435.0,0.0,0.0
0104659c0b80498a9dc3d7773b6305d1,0.0,0.0,0.0,0.0,0.0,0.0,0.0,0.0
01046b9a878a4a488c3b74185ef7b677,0.0,0.0,0.0,0.0,0.0,0.0,0.0,0.0
010481239aeb4e8f8a309e4227eccedd,0.0,186.0,0.0,0.0,0.0,176.0,0.0,0.0
0104bdc6554b4d1f8527cd5994e95c27,0.0,589.0,0.0,0.0,0.0,432.0,0.0,0.0
010526195209452fbb51dd8f0d7bbf5e,755.0,0.0,0.0,0.0,609.0,0.0,0.0,0.0
0105372563ca4727ac32c2d368a374c9,0.0,0.0,500.0,0.0,0.0,0.0,380.0,0.0
010543bff0d64f1aacdc3c34969809d9,917.0,0.0,0.0,0.0,680.0,0.0,0.0,0.0
0105c848198c4300a6cf7a1c7edb8c81,0.0,0.0,0.0,0.0,0.0,0.0,0.0,0.0
0107238153aa4b8f84dc0af5ef5f21e6,2663.0,0.0,0.0,0.0,2338.0,0.0,0.0,0.0
01072dce3e794dedbcdedb962801fd2f,0.0,0.0,0.0,0.0,0.0,0.0,0.0,0.0
01078fd145504b18a5804ff22a73c1bf,0.0,0.0,0.0,0.0,0.0,208.0,0.0,0.0
01086f8a768949b7bbac1e22c70d0b2d,0.0,0.0,0.0,0.0,0.0,0.0,0.0,0.0
0108851ad6f2420bbc623f44c823252a,0.0,0.0,0.0,0.0,0.0,134.0,0.0,0.0
0108eb07854f4cd0b24d348df7467755,927.0,0.0,0.0,0.0,3762.0,0.0,0.0,1379.0
01096a2a593a423097642bfdaf2f9e78,0.0,0.0,0.0,0.0,0.0,317.0,395.0,0.0
010a2d1df03946b28481edbd1f3dd714,0.0,0.0,0.0,0.0,0.0,0.0,0.0,0.0
010a39320db040a9a6fa44a67d21c58c,0.0,0.0,0.0,0.0,0.0,0.0,0.0,0.0
010a7328d181458f81133a6106221f7c,0.0,0.0,500.0,0.0,0.0,0.0,380.0,0.0
010b30f3a624471c8b444011f51ad0b1,0.0,178.0,0.0,0.0,0.0,133.0,0.0,0.0
010b43d429a64101b3cd0e289a902b34,0.0,0.0,0.0,0.0,0.0,0.0,0.0,0.0
010c12e96f7841f8814d045d18febb0d,0.0,0.0,500.0,0.0,0.0,0.0,380.0,0.0
010c3090b33e4483b51ac7e59221c511,1336.0,0.0,0.0,0.0,1019.0,0.0,0.0,0.0
010c555e45dd419ab58e120d4e83d03d,0.0,302.0,0.0,0.0,0.0,230.0,0.0,0.0
010ce020044049c4a5d58c551bf14afa,0.0,0.0,0.0,0.0,1034.0,0.0,0.0,0.0
010d33885aaf4efabd526689e6329d0e,880.0,0.0,0.0,0.0,2397.0,0.0,0.0,1607.0
010d99c0c0ec40ba993afbeb94af93f2,0.0,0.0,0.0,0.0,0.0,0.0,0.0,0.0
010d9c0f6a1e4992b0bc4b5bb7a2c924,0.0,0.0,0.0,0.0,0.0,0.0,0.0,0.0
010ec2a2d73b4496be0e53fc1bf0824e,0.0,0.0,0.0,0.0,0.0,0.0,0.0,0.0
010eff67ecce44208b249940f243a7a9,0.0,446.0,500.0,0.0,0.0,371.0,395.0,0.0
01108826ce34470598e49bc67c9d7775,0.0,0.0,0.0,0.0,696.0,0.0,0.0,0.0
0110dda2b6444dc698a0b2aa48696278,0.0,0.0,0.0,0.0,0.0,0.0,0.0,0.0
0110eddfeaf14925b2ccd551ed9ce294,0.0,0.0,0.0,0.0,0.0,0.0,0.0,0.0
0110f17f80c4455dad7426551a912820,0.0,0.0,0.0,0.0,0.0,0.0,0.0,0.0
0110f9ba32da46b2bc664b894e39d7d5,0.0,0.0,0.0,0.0,0.0,0.0,380.0,0.0
01116c2a72c5426aa0b188bd9bde1c69,0.0,0.0,0.0,0.0,0.0,0.0,0.0,0.0
01122c04910543bc8d499851b31ebc40,0.0,0.0,0.0,0.0,0.0,0.0,0.0,0.0
0112b5de09274c65b5aa0d1a400ffbc2,0.0,0.0,0.0,0.0,0.0,0.0,380.0,0.0
0112f50ba54845e594dfe2cc0ad85dfc,0.0,2855.0,0.0,0.0,0.0,2156.0,0.0,0.0
01136084464d4f87975feec0cb24ee91,998.0,0.0,0.0,0.0,1892.0,0.0,0.0,759.0
0113fd3c537c4e2086828e533e6863bb,0.0,0.0,0.0,0.0,0.0,0.0,0.0,0.0
011543aa15be4f92b89cd77c141f3b78,0.0,0.0,0.0,0.0,448.0,0.0,0.0,759.0
01158014221e474390b3c5f780c9cef2,0.0,894.0,0.0,0.0,0.0,647.0,0.0,0.0
0115eb8f9f2840acb0f04e9d9512dbde,0.0,110.0,0.0,0.0,0.0,104.0,0.0,0.0
01163620d3934a17a746379832b5adf4,0.0,0.0,0.0,0.0,0.0,175.0,0.0,0.0
011660cf8b7a4d758a2a726de46ed20f,0.0,0.0,0.0,0.0,842.0,0.0,0.0,0.0
0116bcfa88ba4d0b8940f14336eb7d4e,0.0,130.0,0.0,0.0,0.0,99.0,0.0,0.0
0116bdc81a5f448180c201ce7781db08,0.0,212.0,0.0,0.0,0.0,212.0,0.0,0.0
0117ad0b0a7a4397b40469544ccd24e9,0.0,0.0,0.0,0.0,0.0,0.0,0.0,0.0
01181463a88048a58d7bea441189a015,0.0,0.0,0.0,0.0,0.0,0.0,0.0,0.0
011867b8907d41e69bbb8ba8b4cf30fc,0.0,0.0,0.0,0.0,0.0,194.0,0.0,759.0
01187bad217142f38cdbd9f1bdf97f0f,689.0,0.0,0.0,0.0,520.0,0.0,0.0,0.0
0119050214e34bab95aa39299d00aac8,0.0,0.0,500.0,0.0,0.0,0.0,380.0,0.0
01191ac5bcd143e5845e81c037fb5662,0.0,0.0,0.0,0.0,619.0,0.0,0.0,0.0
011937e16cd84e1ba340594cbc7e858c,0.0,0.0,0.0,0.0,0.0,137.0,0.0,0.0
01196a629a2d448681ba8a4617d06cd7,0.0,0.0,0.0,0.0,0.0,0.0,0.0,0.0
01199a934e1a4aeabfad31ca32234f74,0.0,0.0,0.0,0.0,0.0,0.0,0.0,0.0
011a2c10758647d9aa4dbf3037553126,0.0,0.0,0.0,0.0,0.0,0.0,0.0,0.0
011ad83d39e34e8a8b7cf7b9bc297eba,0.0,0.0,0.0,0.0,646.0,0.0,0.0,0.0
011ae7b0cda848f08b7cbb3fd48ca4d6,0.0,0.0,0.0,0.0,0.0,0.0,380.0,0.0
011b7dae05c94e25953883f27649fc47,0.0,0.0,0.0,0.0,0.0,0.0,0.0,0.0
011bd0c69d554cc9aa434df75e8a8580,0.0,0.0,0.0,0.0,658.0,0.0,0.0,0.0
011bf5870c3e48bfb1c417e430b2e236,0.0,0.0,320.0,0.0,0.0,0.0,268.0,0.0
011c24f831a44c2aa7ee2b79365379d8,0.0,916.0,0.0,0.0,0.0,666.0,0.0,0.0
011d1f288c614f8185e3ae25ea4fbafc,0.0,275.0,320.0,0.0,0.0,245.0,263.0,0.0
011d44f4226e4b769edf4aef617bf304,0.0,0.0,500.0,0.0,0.0,0.0,395.0,0.0
011dc5daa63e4bdc8f805e91eaa97992,0.0,0.0,0.0,0.0,0.0,0.0,0.0,0.0
011e88d7d0684f7b8eaf49ea1a5fde21,0.0,177.0,0.0,0.0,0.0,138.0,0.0,0.0
011f166574764eb8bc5378665b51d348,0.0,0.0,0.0,0.0,587.0,0.0,0.0,0.0
01200bcd411c4d15b11080876b265fc7,0.0,0.0,0.0,0.0,0.0,0.0,0.0,0.0
012043a8219946af9dfe4609819ac2c7,0.0,0.0,0.0,0.0,699.0,0.0,0.0,0.0
0120cb71ad7b4125ae3799d0ef9d1565,2550.0,0.0,0.0,0.0,1781.0,0.0,0.0,0.0
0123d7f13e034184ab52dc6c3c73602c,0.0,0.0,0.0,0.0,0.0,266.0,0.0,0.0
0123ec64a1c9421db5301b6c839fd015,0.0,0.0,541.0,0.0,0.0,0.0,380.0,0.0
01244e5326f3440d811559f9dcfecb2b,0.0,0.0,0.0,0.0,0.0,0.0,0.0,0.0
0124b980cbac4aa884bef1c8219c59d9,0.0,0.0,0.0,0.0,0.0,0.0,0.0,0.0
0125dd54805240b4af3fbfcfdb101af8,0.0,0.0,0.0,0.0,0.0,0.0,0.0,0.0
0126e4d401cb4026b6600f132d400fd6,680.0,0.0,530.0,0.0,493.0,0.0,380.0,0.0
0126e74f39bd446a84e5e7bbcc1b8b80,0.0,593.0,0.0,0.0,0.0,451.0,0.0,0.0
0126f8af0b5344e1bba678f83bc52021,1233.0,0.0,0.0,0.0,931.0,0.0,0.0,0.0
0127137e3c4c4e06b188977af11b7e41,0.0,0.0,500.0,0.0,0.0,0.0,380.0,0.0
0127bd9664794805b61191bda05a371b,3251.0,0.0,0.0,0.0,2476.0,0.0,0.0,0.0
012838bc1e7249b9b851c7e4833f5223,0.0,0.0,0.0,0.0,0.0,0.0,0.0,0.0
0128c793709e492c96afa41bfbdb5bd0,0.0,0.0,0.0,0.0,0.0,0.0,0.0,0.0
0128d1e378294517adfaa4c81f61bbcc,0.0,132.0,399.0,0.0,0.0,104.0,328.0,0.0
0128ff47ea49442399fadd300365dc07,0.0,0.0,0.0,0.0,0.0,243.0,380.0,0.0
01293b0305d94c2ebed366aaac6169be,0.0,0.0,0.0,0.0,0.0,0.0,0.0,0.0
012a4d0dfbad4e88b1abd19fed565ff5,0.0,0.0,0.0,0.0,0.0,0.0,0.0,0.0
012a80a3923b472c8cfc2ccec65a0c97,0.0,598.0,0.0,0.0,0.0,471.0,0.0,0.0
012abac2148f44938ce69f0d63a11b00,0.0,0.0,0.0,0.0,0.0,0.0,0.0,0.0
012b969d5a4041f19db772ecae9a4ef5,0.0,0.0,0.0,0.0,319.0,0.0,0.0,759.0
012cc37b98aa40b59d57a2c46514d263,260.0,0.0,0.0,0.0,211.0,0.0,0.0,0.0
012cf1f5e9e1484e894c0473b615c135,0.0,0.0,0.0,0.0,94.0,0.0,0.0,0.0
012d14a11b5344648f1d3c8d1e4409d3,0.0,0.0,0.0,0.0,1402.0,0.0,0.0,0.0
012d30c8d36742d38ee4ad099f0f0be6,0.0,0.0,0.0,0.0,0.0,0.0,0.0,0.0
012dc36dc3e840768e0f99ad654f444c,0.0,0.0,0.0,0.0,0.0,0.0,0.0,0.0
012dda2626dd4b6183a5ec620dad0f82,0.0,0.0,0.0,0.0,0.0,0.0,0.0,0.0
012f1b85fa9a49f28440f7772b73e0dc,0.0,148.0,0.0,0.0,0.0,114.0,0.0,0.0
012fa100bc854519984fe5385c667df9,0.0,225.0,0.0,0.0,0.0,0.0,0.0,0.0
012ff8a034994b07a964b6858e1ef07d,0.0,0.0,0.0,0.0,737.0,0.0,0.0,0.0
013093300e324e74a09379451625cd98,0.0,0.0,0.0,0.0,566.0,0.0,0.0,0.0
0130a514521941fc9f88a5ec5c4398f4,0.0,0.0,0.0,0.0,0.0,337.0,0.0,0.0
0130bfc393174af19d1a3d8269a537a8,0.0,0.0,0.0,0.0,0.0,0.0,0.0,0.0
013150a68d894936aecf1fe48c114a8d,0.0,0.0,0.0,0.0,0.0,0.0,0.0,0.0
01325198c0ad4e528e1b13fe4e12168d,0.0,0.0,0.0,0.0,0.0,0.0,0.0,0.0
01328646369240f9957c848b635f52eb,0.0,0.0,0.0,0.0,0.0,0.0,0.0,0.0
0132a139ecc34e47ab5cb41f61b4ed67,0.0,0.0,0.0,0.0,0.0,0.0,0.0,0.0
0133f7ffcbcf4ae5822efe45308984c3,0.0,0.0,0.0,0.0,0.0,180.0,380.0,0.0
013410014dea4367866268f0339d9a7e,0.0,195.0,0.0,0.0,0.0,0.0,0.0,0.0
0134e622e9074f4d95e100577f2ac3e9,0.0,0.0,0.0,0.0,703.0,0.0,0.0,0.0
0134ecc2e5d840f78ad2e60995416897,1202.0,0.0,0.0,1199.0,934.0,0.0,0.0,985.0
01352f10f7394f279980fca70a39a8fc,0.0,0.0,500.0,0.0,0.0,0.0,380.0,0.0
013540b640b04fc8b6da5ce5373a673f,0.0,0.0,0.0,999.0,0.0,0.0,0.0,759.0
0135b6e4ad4e4a25bdb880296a67f89b,739.0,0.0,0.0,0.0,550.0,0.0,0.0,0.0
01361d4eaf1043f48d652831c80859f6,0.0,0.0,500.0,0.0,0.0,0.0,395.0,0.0
013623d8b653404087152e4339e89c3b,0.0,0.0,0.0,0.0,0.0,160.0,0.0,0.0
013650585bbd455eb2a7b0330de71201,0.0,0.0,0.0,0.0,0.0,242.0,0.0,0.0
013681ce8f4b46ad9b30525bc1422589,482.0,0.0,500.0,0.0,335.0,0.0,380.0,0.0
0137492b773149f0a587bee528750c8b,0.0,0.0,0.0,0.0,406.0,0.0,0.0,0.0
0137a92346f7423e917d2c3d24cbf953,0.0,0.0,0.0,0.0,0.0,0.0,0.0,0.0
0138042824224985a2e683c9e130f580,0.0,643.0,0.0,0.0,0.0,0.0,0.0,0.0
01381ddb15e845dcbcfc378e2b1cfe68,0.0,1009.0,0.0,0.0,0.0,886.0,0.0,0.0
01386ebb6a6248a3ade606e84e6e889e,0.0,194.0,0.0,0.0,0.0,0.0,0.0,0.0
013872e782b546aa9836db2f063ddc49,0.0,299.0,0.0,0.0,0.0,229.0,0.0,0.0
0138e8ed84084e76a960666c7f087fe3,0.0,0.0,0.0,0.0,0.0,0.0,0.0,0.0
01398df309b3470d8f070344e15950b2,0.0,0.0,0.0,0.0,560.0,0.0,0.0,759.0
01399bed04ee43b0a094fd7c0adf0aed,0.0,0.0,0.0,0.0,0.0,0.0,0.0,0.0
013c03bec6584e7e9a58437e5a4ce216,0.0,285.0,0.0,0.0,0.0,214.0,0.0,0.0
013c33ed4a87418f8c9dac97ecf9bd1a,0.0,0.0,0.0,0.0,0.0,0.0,0.0,0.0
013cfabac38e44cfa2c28008f6f222fa,0.0,0.0,500.0,0.0,0.0,0.0,395.0,0.0
013df70c41fc47e9988d2390684d42e0,0.0,0.0,0.0,0.0,0.0,0.0,0.0,0.0
013e4d3381304c94818d3c28ec869381,0.0,296.0,0.0,0.0,0.0,221.0,0.0,0.0
013e77b27cf446e491c9f94e7692e702,0.0,1505.0,0.0,0.0,0.0,1156.0,0.0,0.0
013e8c9ff4094d2f85d233a41da75208,0.0,0.0,0.0,0.0,0.0,0.0,0.0,0.0
013ed803d39649b38bd45a310491c477,0.0,0.0,0.0,0.0,0.0,0.0,0.0,0.0
013f76aac4d642faa4705370359729a1,0.0,0.0,0.0,0.0,0.0,0.0,0.0,0.0
013f8d93c47d46289da044beeb4ed07d,0.0,0.0,500.0,0.0,0.0,0.0,380.0,0.0
013fbb7b5ae3417a801838fc190bd288,0.0,171.0,320.0,0.0,0.0,139.0,263.0,0.0
013fc741e16745cd9922de48003855ee,688.0,0.0,0.0,0.0,526.0,0.0,0.0,0.0
01405b1779b141ce8d023cee4b1d7463,0.0,376.0,0.0,0.0,0.0,377.0,0.0,0.0
0141962878434b66885a40b4313f007c,0.0,0.0,399.0,0.0,0.0,0.0,328.0,0.0
0141cdc58d0d465a907ace3953816697,0.0,0.0,0.0,0.0,0.0,0.0,0.0,0.0
0141ed9489394047a20502cad2fa9593,0.0,0.0,0.0,0.0,0.0,0.0,0.0,0.0
01421167e7774ef8acdb5d62752ead8d,0.0,0.0,0.0,0.0,0.0,0.0,0.0,0.0
014222ad36f649b1ba3548401b30acbb,0.0,0.0,0.0,0.0,0.0,0.0,0.0,0.0
01428abde2be43d1989feb8f00a890c1,0.0,736.0,0.0,0.0,0.0,530.0,0.0,0.0
014310aba50740ffa2caab4260bae4e1,0.0,0.0,0.0,0.0,0.0,0.0,0.0,0.0
01434d936afe49f1acc9d34876176f64,0.0,292.0,0.0,0.0,0.0,0.0,0.0,0.0
01436a9ba91a4f958e00f1a31356144d,0.0,646.0,0.0,0.0,0.0,0.0,0.0,0.0
014431fc4e7340ccafe8dedf3c0b8733,0.0,539.0,0.0,0.0,0.0,416.0,0.0,0.0
01445b66e77743fcbd3e5ef89791608e,0.0,0.0,0.0,0.0,0.0,0.0,0.0,0.0
01452dd3f3994fa8aa88d750e839ee4c,0.0,0.0,0.0,0.0,0.0,0.0,0.0,0.0
0145604a2b4343d08d3cb368475a0842,0.0,0.0,0.0,0.0,0.0,297.0,0.0,0.0
0145da372e484d999c7ab36eac06de4b,0.0,0.0,0.0,0.0,0.0,0.0,0.0,0.0
014603fcb8f547a9ad3b60d1ccd5e49d,0.0,0.0,0.0,0.0,0.0,71.0,263.0,0.0
0146177424af4b44b612f6ecd518b996,0.0,0.0,0.0,0.0,0.0,0.0,0.0,0.0
014677d58420476b9ec9d3907644d77e,0.0,0.0,0.0,0.0,0.0,0.0,0.0,0.0
0146bb5b841548b9a09244df56480c37,0.0,0.0,0.0,0.0,0.0,0.0,0.0,0.0
01472790e325419ca304517ee729fdcb,0.0,0.0,0.0,0.0,0.0,0.0,0.0,0.0
0147a1f9d61e48eba9f65543e20ab6dc,0.0,744.0,0.0,0.0,0.0,563.0,0.0,0.0
01484a2817ba4c8d8e7fd71accfde6dc,0.0,0.0,500.0,0.0,0.0,0.0,380.0,0.0
0148993f543e44fb901d83d2125d4aee,0.0,133.0,0.0,0.0,0.0,130.0,0.0,0.0
0148f1daeaf7491cad62a60723b05da9,1231.0,0.0,0.0,0.0,882.0,0.0,0.0,0.0
0149499e40214bb7ae247248b794b9c4,0.0,0.0,500.0,0.0,0.0,0.0,380.0,0.0
0149a2407bd4442aa70653bb8f9d560b,0.0,283.0,0.0,0.0,0.0,215.0,0.0,0.0
014a104e55e846d3a393018d0526aad5,0.0,0.0,0.0,0.0,0.0,0.0,0.0,0.0
014b4e035af5488d8ea97b8b3d5035ad,0.0,427.0,0.0,0.0,0.0,232.0,395.0,0.0
014b80ec9a314f248340b219f7e60ba0,0.0,0.0,0.0,0.0,446.0,0.0,0.0,0.0
014b81db5c7345f2bb4c986e37d3be71,1373.0,0.0,849.0,0.0,1040.0,0.0,632.0,0.0
014cfa3a600240d1991c77c9714fb91d,0.0,0.0,0.0,0.0,0.0,99.0,0.0,0.0
014cfbf3143b42929e27cf8179c3fada,0.0,817.0,0.0,0.0,0.0,0.0,0.0,0.0
014dc207ad014dd4a45b0482ad5bbc12,0.0,0.0,0.0,0.0,0.0,0.0,0.0,0.0
014e0dd7628546fe9f56c1732d695734,0.0,0.0,0.0,0.0,0.0,0.0,0.0,0.0
014e22a9216b48d1a00dfffab9cd657a,0.0,0.0,0.0,0.0,0.0,0.0,0.0,0.0
014e689c72854e6e9e709087f04bf1ca,0.0,261.0,0.0,0.0,0.0,191.0,0.0,0.0
014e8a49097444de8787a8008d25bf87,0.0,0.0,0.0,0.0,0.0,0.0,0.0,0.0
014ec75421574d39b19ab729cab07616,0.0,0.0,0.0,0.0,0.0,0.0,0.0,0.0
014f105dae0e452faac00cba7a4d58b6,0.0,0.0,0.0,0.0,0.0,0.0,0.0,0.0
014f729d1eb14c9586d210d6a429f300,0.0,0.0,0.0,0.0,0.0,0.0,380.0,0.0
014f7ff36d144b359f2c2dde5596bec5,0.0,0.0,0.0,0.0,0.0,0.0,0.0,0.0
015048f8a6e54588a98db6f88ad24a0e,0.0,0.0,0.0,0.0,0.0,0.0,0.0,0.0
015059a50fab4fc9ab7f82aa2fc1d8c5,0.0,739.0,0.0,0.0,0.0,555.0,0.0,0.0
01513ca4211e4f6da25bf04adef3dfd4,0.0,277.0,0.0,0.0,0.0,228.0,0.0,0.0
0151e2cd55c444a98cd545151ffc4ca0,0.0,0.0,0.0,0.0,0.0,0.0,0.0,0.0
01525c75f4734dcfb017e450fd34f1f0,1092.0,0.0,0.0,0.0,848.0,0.0,0.0,0.0
0152ad4e81c94d688e41b09b4a19065f,0.0,284.0,0.0,0.0,0.0,215.0,0.0,0.0
0152d5967e9b4b498ed593e20a18bcef,0.0,448.0,0.0,0.0,0.0,346.0,0.0,0.0
01537d160dce4e3aa46e5b0674353972,0.0,0.0,0.0,0.0,0.0,0.0,0.0,0.0
015380a8718340329639d76976a20538,0.0,657.0,0.0,0.0,0.0,488.0,0.0,0.0
01539679e43c4595bd75fdda1f4f058e,0.0,0.0,0.0,0.0,0.0,0.0,0.0,0.0
015421cf60b54501b734094efaa37ca3,675.0,0.0,0.0,0.0,544.0,0.0,0.0,0.0
0154fbf6b1c54755aec9c7bd8da24a6a,0.0,0.0,0.0,0.0,0.0,164.0,0.0,0.0
0155412d45644cf48f8b697cac7211f6,0.0,842.0,0.0,0.0,0.0,0.0,0.0,0.0
01569eb5bab542a288834833f75d0ad4,859.0,0.0,0.0,0.0,3437.0,0.0,0.0,962.0
0156c88b7a85491eae7dcb452a493b1c,0.0,0.0,500.0,0.0,0.0,0.0,380.0,0.0
0156c9b5c5d343ec866f9117279d1d20,0.0,0.0,0.0,0.0,0.0,0.0,0.0,0.0
01572f068227457cb26ff0d3fcdd3ef3,0.0,0.0,0.0,0.0,0.0,0.0,0.0,0.0
0157532c6db14ab7807f363c6f2dad24,0.0,0.0,0.0,0.0,0.0,0.0,0.0,0.0
015776ef01724f40a80333643cf01225,0.0,634.0,0.0,0.0,0.0,487.0,0.0,0.0
01581a8f5e854b0a8c4e60b5e8a24edb,0.0,0.0,320.0,0.0,0.0,0.0,263.0,0.0
0158c7e72d124e9d836acb4457e0a83e,0.0,0.0,0.0,0.0,458.0,0.0,0.0,0.0
01599e9f0de84418a729f1df8e28a978,0.0,0.0,0.0,0.0,0.0,0.0,395.0,0.0
015a1852b75f43febd47aba6b8a2488c,977.0,0.0,2696.0,0.0,742.0,0.0,2023.0,0.0
015a924bd34f4040b669849c3891c6ce,0.0,0.0,0.0,0.0,0.0,0.0,0.0,0.0
015b44f0652f44fbbef3a1b3e7079e40,0.0,213.0,0.0,0.0,0.0,210.0,0.0,0.0
015cd5acd8a54b32aeb826b9dd3e3a6f,0.0,301.0,0.0,0.0,0.0,216.0,0.0,0.0
015cd8c95f52488295c93b8a1b31af01,0.0,0.0,0.0,0.0,0.0,0.0,0.0,0.0
015d722ceca54c869cbe4e28b3c9d0aa,0.0,0.0,0.0,0.0,0.0,195.0,0.0,0.0
015f0b32067a419baf9a2e8ca8f73276,0.0,0.0,0.0,0.0,949.0,0.0,0.0,0.0
015f2fd504e34ad08c78dace10038848,0.0,0.0,0.0,0.0,0.0,0.0,0.0,0.0
015fa1cee38d431b817f4ff8cd10164f,0.0,0.0,0.0,0.0,423.0,0.0,0.0,759.0
015fd261fd9941028e64842e3e63eabb,0.0,529.0,0.0,0.0,0.0,408.0,0.0,0.0
015fdc18122041e69f04a91cc51c3ac8,0.0,689.0,0.0,0.0,0.0,0.0,0.0,0.0
015fe224c3574d63a20a22f5893c4eca,0.0,0.0,0.0,0.0,0.0,157.0,263.0,0.0
01601abc754c40ee9ec735bdc908af34,0.0,533.0,0.0,0.0,0.0,385.0,0.0,0.0
0160592d09d2472884c3898f0ce22b38,0.0,0.0,0.0,0.0,0.0,0.0,0.0,0.0
01606fcd5a384981ac7d91bcf9cd7603,0.0,0.0,530.0,0.0,0.0,0.0,410.0,0.0
0160f744a4344dd5b209e0da13964d0d,0.0,0.0,0.0,0.0,0.0,168.0,0.0,0.0
016123bbde6a485d8a479d37b94477bc,0.0,0.0,0.0,0.0,919.0,0.0,0.0,0.0
0161460f0de24699a443a1aa0f2faa91,0.0,0.0,500.0,0.0,0.0,0.0,380.0,0.0
01618f9a52704a708bc7fa5ca2a266b7,0.0,0.0,0.0,0.0,0.0,221.0,380.0,0.0
016230002bb043cb921b4a7929e1ddf6,0.0,695.0,0.0,0.0,0.0,471.0,0.0,0.0
0162ad1ff2b74d73bbb759bbf942a7fd,0.0,0.0,0.0,0.0,0.0,0.0,0.0,0.0
0162c7f2cd574d0cac2cbe059ddbb6d3,0.0,0.0,0.0,0.0,0.0,0.0,0.0,0.0
0162fb89a44e41b6b9e6134053951251,0.0,0.0,0.0,0.0,0.0,0.0,395.0,0.0
0163916989a4401eac35730da248e0cf,0.0,0.0,0.0,0.0,0.0,0.0,0.0,0.0
01639a00d74843ad8f15df349626ad46,0.0,0.0,0.0,0.0,0.0,0.0,0.0,0.0
016439c71a89496b8d9b5be3cebb3e5e,0.0,625.0,0.0,0.0,0.0,481.0,0.0,0.0
01644df9eaec4ccfa07f1a67af10a6ee,0.0,0.0,500.0,0.0,0.0,0.0,380.0,0.0
01655d4872094853aaaf7de20114b7ec,0.0,0.0,0.0,0.0,514.0,0.0,263.0,0.0
01659fb5d17e4d3e9506c8ae01f77a47,0.0,0.0,0.0,0.0,0.0,200.0,0.0,0.0
0165dd37d7324496827a7b0ad9fe0a88,0.0,266.0,0.0,0.0,0.0,203.0,0.0,0.0
0165e5f92a07494eba9117d45f96bd58,0.0,494.0,0.0,0.0,0.0,371.0,0.0,0.0
016607dc28e04437ba3c45a1c652f04b,0.0,0.0,0.0,0.0,0.0,0.0,0.0,0.0
016617a130c9482fa625c1110838ec7f,0.0,0.0,0.0,0.0,0.0,0.0,0.0,0.0
016675ce5758453da976d89d856937dd,0.0,0.0,0.0,0.0,0.0,0.0,0.0,0.0
0166c47805024253897c1065cc4a4f54,0.0,0.0,0.0,0.0,0.0,0.0,0.0,0.0
0166d44bf6c64bf1b5349fe2f9af48e8,0.0,0.0,0.0,0.0,0.0,0.0,395.0,0.0
0167495d80bc4874ac225fc7e692ba03,0.0,0.0,0.0,0.0,0.0,192.0,0.0,0.0
0167e5ccd79041718995b18b9e94ff25,0.0,0.0,0.0,0.0,0.0,0.0,0.0,0.0
0168384204614ae0b14430f372e66990,0.0,368.0,500.0,0.0,0.0,277.0,380.0,0.0
01686c3e71b54c2fbc99a004e302e6eb,863.0,0.0,0.0,0.0,616.0,0.0,0.0,0.0
01686ed05cfb45daade2062787e31526,0.0,0.0,0.0,0.0,0.0,0.0,0.0,0.0
016939d2f96448d791ee01734efeb6a2,0.0,0.0,0.0,0.0,0.0,0.0,0.0,0.0
0169475e1e34484cb85d03de89470c72,0.0,592.0,0.0,0.0,0.0,436.0,0.0,0.0
0169908dc1fe491fa0adad3cfb94dd05,0.0,0.0,0.0,0.0,0.0,0.0,0.0,0.0
0169a99f64434e0ea14a5ed76afd26ec,0.0,0.0,0.0,0.0,0.0,0.0,0.0,0.0
016a29db3cdc42d099a8f705dcca0a9b,0.0,0.0,0.0,0.0,0.0,0.0,0.0,0.0
016a4f48850040de80660d4b22ac35c9,0.0,0.0,0.0,0.0,0.0,0.0,0.0,0.0
016ac34d2abb4bb5a8ac4ff80dfe29a5,732.0,0.0,0.0,0.0,527.0,0.0,0.0,0.0
016baf2f51bf44caa64143f4b9a37e50,0.0,0.0,0.0,0.0,0.0,204.0,0.0,0.0
016ca4e138b0400fa6976efa0534ae0d,0.0,0.0,0.0,0.0,0.0,0.0,0.0,0.0
016d56de7b43497e9d0172d41f979049,1843.0,0.0,0.0,0.0,1622.0,0.0,0.0,0.0
016d66d85d6041468e81a2571686906e,0.0,664.0,0.0,0.0,0.0,511.0,0.0,0.0
016dc9bdd5b840f5bc0278b9e1173fce,0.0,0.0,0.0,0.0,0.0,236.0,0.0,0.0
016e6fbb2d0548898becda198efcdd45,0.0,0.0,0.0,0.0,513.0,0.0,0.0,0.0
016e753f4e984d269f3d0502b74bc679,0.0,0.0,0.0,0.0,0.0,0.0,0.0,0.0
016eeb3e625048b58336b641685c662d,0.0,0.0,0.0,0.0,0.0,0.0,0.0,0.0
016f1f6d0ed148f39557c085e2f19f7a,0.0,0.0,0.0,0.0,0.0,0.0,0.0,0.0
016f4ad6ae7b4dd3af40b86fd7d6d9b1,0.0,676.0,0.0,0.0,0.0,559.0,0.0,0.0
016f695d71eb4c16b0699d322f3211b8,0.0,0.0,0.0,0.0,0.0,190.0,0.0,0.0
016f94dc45704d9ead14143779885fc8,0.0,0.0,0.0,0.0,508.0,0.0,0.0,0.0
016f9903e5b648058787443ceb12b3f4,0.0,0.0,0.0,0.0,0.0,0.0,0.0,0.0
0170071659824608b12c147c75f664a5,0.0,0.0,0.0,0.0,0.0,0.0,0.0,0.0
0170583893a24145b0778902b8725658,0.0,687.0,0.0,0.0,0.0,449.0,0.0,0.0
017077b7c20e485c8d5c687e47e1d1b8,0.0,0.0,0.0,0.0,505.0,0.0,0.0,0.0
01709cbf01174b0ea06720ac83a4ffb9,0.0,283.0,0.0,0.0,0.0,214.0,0.0,0.0
0170e048db86422d995cce6fcbfb9c16,0.0,0.0,0.0,0.0,0.0,0.0,0.0,0.0
017202ca6f344d46bd6b147555eda385,0.0,1174.0,0.0,0.0,0.0,874.0,0.0,0.0
017209a553174ffc900e2c3e89487162,0.0,0.0,0.0,0.0,0.0,0.0,500.0,0.0
01725ae24c184d478b0f94dd25b7faff,0.0,298.0,0.0,0.0,0.0,225.0,0.0,0.0
017290fa741b40e2bc983e4889cf2452,446.0,0.0,0.0,0.0,446.0,0.0,0.0,0.0
0173a49aa9b64310b1c6866613c947a4,0.0,0.0,0.0,0.0,0.0,0.0,0.0,0.0
01748eabddfe4795b9b77e71c5c603cd,0.0,347.0,0.0,0.0,0.0,263.0,0.0,0.0
0174d97d17eb4efabf407983b5500ee1,0.0,80.0,0.0,0.0,0.0,67.0,0.0,0.0
017522c7e1d34f7f870fbb6d4c7b611c,0.0,0.0,0.0,0.0,0.0,0.0,0.0,0.0
017670b410414364bad5c10d38842963,774.0,0.0,0.0,0.0,621.0,0.0,0.0,0.0
01767f369fa94303bf0febc4f9332f9c,0.0,0.0,500.0,0.0,0.0,0.0,380.0,0.0
0176aecd9c1c4dbf950b42676b877f48,473.0,0.0,0.0,0.0,372.0,0.0,0.0,0.0
0177756528d04a0d8d637e4a038f0e0a,0.0,0.0,0.0,0.0,0.0,0.0,0.0,759.0
0177a83b71a243018d4460d0420d126c,957.0,0.0,0.0,0.0,775.0,0.0,0.0,0.0
01780784b92748daa13f37c551141fdd,0.0,0.0,423.0,0.0,0.0,0.0,328.0,0.0
01788dfad6994bfba669314ff6688f8b,0.0,929.0,0.0,0.0,0.0,696.0,0.0,0.0
01793158895d40849d02ad1bec2e0fa8,0.0,0.0,0.0,0.0,0.0,0.0,380.0,0.0
01794bb905514cf0a9f1db2d73d24a9b,0.0,480.0,660.0,0.0,0.0,287.0,380.0,0.0
017a4b6a4953498f86ff1cbeae266d19,0.0,0.0,0.0,0.0,0.0,0.0,0.0,0.0
017b102de2bb4b04a480e4c3b0e98d8f,0.0,154.0,320.0,0.0,0.0,126.0,263.0,0.0
017b1246c9414426b70b3795e423a212,0.0,0.0,500.0,0.0,0.0,0.0,380.0,0.0
017b4a533574456d8121bfb159d1c0a8,1075.0,0.0,0.0,0.0,1620.0,0.0,0.0,937.0
017b6797e26447e5936d7b3f7433e10c,0.0,0.0,0.0,0.0,0.0,0.0,0.0,0.0
017ba8f9f41848589b6474b48d2cb353,0.0,192.0,0.0,0.0,0.0,143.0,0.0,0.0
017c1878cf1a4f5b8d07e9b44ca2e93d,0.0,0.0,0.0,0.0,0.0,0.0,0.0,0.0
017c1a9ed13448fd9c6ef636da08308f,0.0,1359.0,774.0,0.0,0.0,1196.0,681.0,0.0
017d206174774e82ac253ec6755d8ec4,685.0,0.0,0.0,0.0,544.0,0.0,0.0,0.0
017d2725c9b448a99c7d6bcecc39f929,0.0,0.0,0.0,0.0,0.0,0.0,0.0,0.0
017d7736930b474aa56072fc3a47a4d4,0.0,0.0,0.0,0.0,0.0,0.0,0.0,0.0
017dda7124bb42cba24afdbd07a3d3f3,0.0,145.0,320.0,0.0,0.0,114.0,266.0,0.0
017e1119eb164d84a230d80263fea1a1,0.0,0.0,0.0,0.0,0.0,568.0,0.0,0.0
017e199576fd4b7e9e26a16021fbd81e,0.0,0.0,0.0,0.0,0.0,257.0,0.0,759.0
017e5d0ba5cc4ba19895e6536d547f10,0.0,0.0,0.0,0.0,360.0,0.0,0.0,0.0
017ebd9f436d4f4888897ab1d0bd03ac,0.0,0.0,0.0,0.0,0.0,92.0,265.0,0.0
017f79870fe94cf39940fc7d3eb3325a,0.0,0.0,0.0,0.0,0.0,0.0,380.0,0.0
018087e405844a87ba3096e03f74f3b7,0.0,0.0,0.0,0.0,0.0,0.0,0.0,0.0
01810d640b9548c98886a9eee4c3bd9b,0.0,0.0,500.0,0.0,0.0,0.0,380.0,0.0
01814845b6604299a9e8d9b260afee21,0.0,0.0,0.0,0.0,0.0,0.0,0.0,0.0
01829898693b45c5a7dd1666297249d8,704.0,0.0,0.0,0.0,524.0,0.0,0.0,0.0
0182b51355a0489aa69ccfe397460b4c,730.0,0.0,0.0,0.0,573.0,0.0,0.0,0.0
0182dc888f644b36b708c4ca964ec489,0.0,226.0,0.0,0.0,0.0,174.0,0.0,0.0
0183527c61174230a506f8fd21850b12,0.0,0.0,0.0,0.0,0.0,0.0,0.0,0.0
0184737c32ab45c3bc1c07da417bae78,0.0,0.0,0.0,0.0,0.0,0.0,0.0,0.0
018480c44997460485abb94bb80b1c41,0.0,151.0,0.0,0.0,0.0,122.0,0.0,0.0
0184c7890df34cebbbebda30ba71e8a2,0.0,0.0,0.0,0.0,0.0,0.0,0.0,0.0
018525ea5e23432d94c0c38890a5df56,0.0,0.0,0.0,0.0,0.0,0.0,380.0,0.0
01859949c14c4d83bf76385a533a0850,1799.0,0.0,0.0,0.0,1295.0,0.0,0.0,0.0
018613ba75e84d47b4561bae03c72b58,0.0,0.0,0.0,0.0,0.0,0.0,0.0,0.0
018687f30f2542428922ac0652c10f7e,0.0,0.0,0.0,0.0,0.0,0.0,0.0,0.0
018715bd6b8f4c84b501ce283e3b0420,0.0,433.0,0.0,0.0,0.0,310.0,0.0,0.0
0188cf5135d647c3b3df2d64b84b3dbc,0.0,0.0,0.0,0.0,0.0,0.0,0.0,0.0
0188d976c0de4933b3ee4dc0683c136e,0.0,0.0,0.0,0.0,0.0,0.0,0.0,0.0
0188f5c5a76143acbbe164af00d218d7,0.0,0.0,0.0,0.0,0.0,0.0,0.0,0.0
0188f922f3754d249b27213cf1b54ea0,0.0,292.0,0.0,0.0,0.0,222.0,0.0,0.0
0189b4f005ea4e7388f29b783bf93178,0.0,0.0,0.0,0.0,0.0,179.0,328.0,0.0
0189f404d528477ca8120baaee1016a2,0.0,0.0,500.0,0.0,0.0,0.0,380.0,0.0
018a13b42e1944fc87f150eadfc96692,0.0,0.0,319.0,0.0,0.0,0.0,319.0,0.0
018aef58c30349e8861cfb5be39de777,0.0,0.0,0.0,0.0,0.0,0.0,0.0,0.0
018bda1518b74cfaa2dd40efacde1bff,0.0,0.0,0.0,0.0,0.0,0.0,0.0,0.0
018bf0d7955a49b6b68be78b0a2785b3,0.0,0.0,320.0,0.0,0.0,0.0,300.0,0.0
018c576d44ce4b24bdd969cd4bfa4c29,0.0,0.0,0.0,0.0,0.0,0.0,0.0,0.0
018dd23e2b224a239a701f827c3b8991,642.0,0.0,0.0,0.0,492.0,0.0,0.0,0.0
018dd653969f49e7b9e7b06229da6b3d,0.0,839.0,0.0,0.0,0.0,647.0,0.0,0.0
018df5eb46ed4f30a4733f722c668b23,0.0,0.0,0.0,0.0,0.0,0.0,0.0,0.0
018e022ed1074661bf956ff7d6899ea5,0.0,0.0,0.0,0.0,0.0,266.0,0.0,0.0
018e5d6df25d44969c14e10d73122b4d,0.0,0.0,0.0,0.0,0.0,527.0,0.0,0.0
018e74f3fb944d3b83e6fdb1b18467bf,0.0,0.0,0.0,0.0,0.0,0.0,0.0,0.0
018ed1497b0d4d2d9bcea8eef25a085f,0.0,118.0,0.0,0.0,0.0,96.0,0.0,0.0
018f7a9a50964c5e9661259af548238b,0.0,0.0,0.0,0.0,0.0,0.0,0.0,0.0
018fa2aeed134b4daa250f8529dd7e24,0.0,0.0,0.0,0.0,0.0,0.0,0.0,0.0
018fb9c317d74226ba107dbaab1a390f,0.0,264.0,0.0,1059.0,0.0,189.0,0.0,759.0
01905417b58c477c8a606f43b5c49e20,0.0,324.0,0.0,0.0,0.0,178.0,395.0,0.0
0190f26599894d889d66a2035185ea72,0.0,0.0,500.0,0.0,0.0,0.0,395.0,0.0
01912f2aee974afd8b6e495d8a6b7dc2,0.0,0.0,0.0,0.0,0.0,136.0,0.0,0.0
0191f277462e476db7f1a2c495afc4a2,0.0,0.0,0.0,0.0,0.0,232.0,0.0,0.0
019255badc004c0daf1d64fe99672741,218.0,0.0,0.0,0.0,176.0,0.0,0.0,0.0
01927cd91d1a415dbb40383b6040484d,669.0,0.0,500.0,0.0,514.0,0.0,380.0,0.0
01932c9cf89f40bf9b09cbdc5f9d2549,0.0,0.0,0.0,0.0,769.0,0.0,328.0,0.0
0193335b8d054d35a0ec3b64a6d30007,0.0,0.0,0.0,639.0,0.0,0.0,0.0,525.0
01934d1b09ed4eb7b5c1292110a29f08,0.0,0.0,0.0,0.0,0.0,481.0,0.0,0.0
0193842bcde4499e9e88cc700261bab0,0.0,0.0,0.0,0.0,0.0,0.0,0.0,0.0
0193a38141bf48a49c2416bff37d1e00,687.0,0.0,479.0,0.0,553.0,0.0,498.0,0.0
0193cddcfc5c44c68be66c3249f6c429,0.0,0.0,0.0,0.0,477.0,0.0,0.0,0.0
0194033abedb40c8949dd4972de0b13e,0.0,0.0,0.0,0.0,0.0,97.0,0.0,0.0
019493bf7dc04501ae9cfc2f43c1a27b,0.0,0.0,0.0,0.0,0.0,0.0,0.0,0.0
0195f5210650462c8ac981cfb55d7193,0.0,0.0,0.0,0.0,0.0,0.0,0.0,0.0
0195fcc0d47c495689876f956efeae7f,0.0,0.0,0.0,0.0,0.0,348.0,0.0,0.0
019871a1b7034424b04bf7d0235ba95e,0.0,0.0,0.0,0.0,0.0,0.0,0.0,0.0
019889c69d8540ac8bafb1ae88cc0b96,0.0,947.0,0.0,0.0,0.0,712.0,0.0,0.0
0198d6de05044908aea345dceddab86c,0.0,0.0,500.0,0.0,0.0,0.0,380.0,0.0
01996d9945d4420fb94d517dbe4ecff3,0.0,0.0,0.0,0.0,0.0,0.0,0.0,0.0
0199bf8c1ba646508ecf70ea765e4218,0.0,0.0,0.0,0.0,0.0,370.0,0.0,0.0
019a1e964541455c90c564e4355433e0,0.0,0.0,0.0,0.0,0.0,0.0,0.0,0.0
019a5ac309d648dd98d513eb71008de5,0.0,0.0,0.0,0.0,0.0,0.0,0.0,0.0
019b18c9dd534d82a0d164f7be93260b,0.0,0.0,0.0,0.0,0.0,0.0,0.0,0.0
019c7bfbcb864352b3add3ddfffe4c9f,0.0,0.0,0.0,0.0,0.0,0.0,0.0,0.0
019d139447cb41a1851e1cd1fc5e5caf,0.0,0.0,0.0,0.0,623.0,0.0,0.0,0.0
019d1f9468984316a6566fb4f950bb19,0.0,0.0,0.0,0.0,0.0,0.0,0.0,0.0
019e0fc041944dd1af5dc1a4c8e8a60c,0.0,94.0,399.0,0.0,0.0,78.0,335.0,0.0
019e88996da348169153b46439a2c2fa,0.0,0.0,0.0,0.0,0.0,169.0,0.0,0.0
019f3a8710844794ae693f8bbb05ed8f,0.0,0.0,0.0,0.0,0.0,0.0,0.0,0.0
01a00a840dde4529a12af85c29a7d3f5,0.0,0.0,0.0,0.0,0.0,0.0,380.0,0.0
01a01b3b6be141bc8f8d5f75c83501ec,0.0,0.0,0.0,0.0,0.0,0.0,0.0,0.0
01a046eea57e4491968c3acb12f591ea,0.0,0.0,0.0,0.0,812.0,0.0,263.0,0.0
01a0704bd4d34e13bc687f8fa4df7fd4,0.0,0.0,0.0,0.0,0.0,0.0,375.0,0.0
01a168080e6e48898b9192e4dd887c4b,0.0,0.0,0.0,0.0,534.0,0.0,380.0,0.0
01a1adc948b44b5ab85e909e2fcb40e5,0.0,0.0,0.0,0.0,0.0,0.0,0.0,0.0
01a25b2cdd5746789e8bb1d17c6f4a95,0.0,0.0,0.0,0.0,0.0,0.0,0.0,0.0
01a32eaf0b65437c98297821a4b84516,0.0,0.0,320.0,0.0,0.0,0.0,263.0,0.0
01a3a31fc1924e2b973e51ea48250521,1168.0,0.0,0.0,0.0,4185.0,0.0,0.0,1531.0
01a45bbe15414b8793d86305d03be2fe,0.0,0.0,0.0,0.0,0.0,0.0,380.0,0.0
01a47cbc857946aa8db56b77d0b40d4b,1423.0,0.0,0.0,0.0,1070.0,0.0,0.0,0.0
01a4c907e36e4c0c9e8dd25c0149afb0,1287.0,0.0,0.0,0.0,1070.0,0.0,0.0,0.0
01a5e8a2ba62498ea3d66d8a63ecca91,0.0,0.0,540.0,0.0,0.0,0.0,380.0,0.0
01a5f116ff394f4caddc23490779da86,0.0,0.0,0.0,0.0,0.0,0.0,0.0,0.0
01a61825b2c8422ba7234840129d471e,0.0,613.0,0.0,0.0,0.0,514.0,0.0,0.0
01a6279842174daf98fa5219cee00324,0.0,0.0,0.0,0.0,0.0,0.0,0.0,0.0
01a686905b1240adb848c145d94ec5c3,0.0,0.0,0.0,0.0,0.0,0.0,0.0,0.0
01a74fe40d644eeca149578562989dc1,0.0,0.0,0.0,0.0,0.0,0.0,380.0,0.0
01a79d5716064527919bda569a3ce1a1,0.0,0.0,0.0,0.0,0.0,0.0,0.0,0.0
01a7a7ca63ab49a2980c543962d45b47,0.0,0.0,0.0,0.0,0.0,0.0,380.0,0.0
01a7cf2bd4f941fbad0addff8cb46fa2,635.0,0.0,500.0,0.0,481.0,0.0,380.0,0.0
01a7e2797a2c498a81f13fa95e801156,0.0,0.0,0.0,1059.0,0.0,0.0,0.0,789.0
01a7f043496e4af2b9017fb3d23140ac,0.0,149.0,0.0,0.0,0.0,116.0,0.0,0.0
01a8bd641c6f4431b444e651eafe86ec,922.0,0.0,0.0,0.0,910.0,0.0,0.0,0.0
01a8df37daae4e1eb79235df46151b81,0.0,0.0,0.0,0.0,0.0,218.0,380.0,0.0
01a937110678484d8f6a5e34df902300,0.0,0.0,0.0,0.0,0.0,0.0,0.0,0.0
01a9f2ebecb24574b390906cdb2a8b3b,922.0,0.0,0.0,0.0,1827.0,0.0,0.0,1341.0
01a9f703a11647eb901f440af997e613,0.0,0.0,0.0,0.0,0.0,0.0,0.0,0.0
01ab092da35f43c68591442d652ba8fd,0.0,0.0,0.0,0.0,0.0,0.0,0.0,0.0
01ab7995eb6e452c9a0ffb321690c0bf,0.0,0.0,0.0,0.0,654.0,0.0,0.0,0.0
01acbe747dea48f1b6c7bd6a7b64ea46,0.0,586.0,0.0,0.0,0.0,452.0,0.0,0.0
01ace2c545534bbe96de246c5a9b5a01,0.0,0.0,0.0,0.0,0.0,0.0,0.0,0.0
01ad8a82642049009cdebfcc912326a0,0.0,0.0,0.0,0.0,0.0,0.0,0.0,0.0
01ad91f90f5547fbbc760f4816f42aa1,0.0,0.0,0.0,0.0,0.0,0.0,0.0,0.0
01adcbb59cbc47119da8681037cbd87c,0.0,0.0,0.0,0.0,0.0,0.0,0.0,0.0
01ae0998be3d47f2b0763fdad05f8766,0.0,0.0,0.0,0.0,0.0,86.0,263.0,0.0
01ae6c4751914c4b939724e9d4d03441,0.0,0.0,0.0,0.0,0.0,487.0,0.0,0.0
01ae87593c7f4197aa9a8a69be0ad385,1202.0,0.0,1024.0,0.0,829.0,0.0,683.0,0.0
01aed5e2649d4e59a9669ef2b0f3399e,0.0,0.0,0.0,0.0,0.0,0.0,395.0,0.0
01af0ab2b1584292b849f91afb5a8539,0.0,340.0,530.0,0.0,0.0,245.0,380.0,0.0
01af33dd5d2942138194ad0986ef7e0a,0.0,0.0,0.0,0.0,0.0,0.0,0.0,0.0
01afef9800bb4002a51eafacb91c0c0b,0.0,0.0,0.0,0.0,0.0,196.0,380.0,0.0
01aff104f16749e28a568089299a3ad2,0.0,0.0,0.0,0.0,0.0,0.0,0.0,0.0
01b02285c8ab4c51aa02dc0515db066e,0.0,0.0,0.0,0.0,0.0,0.0,263.0,0.0
01b09624178246a3a0de33150df96f44,0.0,0.0,0.0,0.0,0.0,0.0,0.0,0.0
01b0c3b59e164107b0b3cd3527be0287,0.0,0.0,0.0,0.0,0.0,0.0,0.0,0.0
01b11ee82c684c138d2499bff4643357,0.0,0.0,0.0,0.0,0.0,1435.0,0.0,0.0
01b184ff1d164109907d355b1fefeb73,0.0,210.0,500.0,0.0,0.0,4114.0,0.0,0.0
01b23d1e06304e0b871ebade0822dcf3,0.0,0.0,0.0,0.0,0.0,0.0,0.0,0.0
01b2e942a3c34d5bad0ee218c16eec7b,0.0,0.0,0.0,0.0,0.0,0.0,0.0,0.0
01b429fa44144f828b1a05c7bf46c2a4,0.0,0.0,0.0,0.0,0.0,0.0,0.0,0.0
01b56839c9e5459a9b0115d16f273517,0.0,0.0,0.0,0.0,0.0,0.0,0.0,0.0
01b5d6c828fa48069e0643805cacec13,0.0,353.0,0.0,0.0,0.0,266.0,0.0,0.0
01b6594654784eeabfc5d713096189dc,0.0,0.0,0.0,0.0,0.0,0.0,0.0,0.0
01b69950798f47f0b693b26ddc10501b,0.0,0.0,0.0,0.0,0.0,0.0,0.0,0.0
01b6d875454e48f4b56298c20e268983,0.0,0.0,0.0,0.0,0.0,331.0,0.0,0.0
01b6df32e4114c0ea1bfb1336f9ef1b4,0.0,739.0,0.0,0.0,0.0,0.0,0.0,0.0
01b77fa8df804e29bc708737543b3114,0.0,0.0,0.0,0.0,0.0,0.0,0.0,0.0
01b7f629eea54ec9b7b9912688b2b909,874.0,0.0,0.0,0.0,601.0,0.0,0.0,0.0
01b81c7350154a23965c3b51d2617ea0,1380.0,0.0,0.0,0.0,1036.0,0.0,0.0,0.0
01b8280499b44a1b9f4deb083bc54cc8,0.0,403.0,0.0,0.0,0.0,327.0,0.0,0.0
01b89bdd4ae34c17b5e7f710f01e821e,0.0,684.0,0.0,0.0,0.0,498.0,0.0,0.0
01b8cb23d19d4843a9132db244fc81ae,0.0,0.0,0.0,0.0,0.0,382.0,0.0,0.0
01b8d96e9a96482b9d0dd01d5ae19c84,0.0,0.0,0.0,0.0,319.0,0.0,0.0,759.0
01b922778bc146e7a0cd3d851bffed08,0.0,0.0,0.0,0.0,0.0,0.0,0.0,0.0
